filename,volume_ml,height_cm,brand,appearace,colorcap,colorbottle,condition,label,cap ,Unnamed: 10

WIN_20260416_14_39_34_Pro.jpg,1500,27,Sprite,imperfect,green,transparent,perfect,withlabel,nocap,
WIN_20260416_14_40_06_Pro.jpg,1500,27,Sprite,perfect,green,transparent,perfect,withlabel,withcap,
WIN_20260416_14_40_26_Pro.jpg,1500,27,Coca-Cola,imperfect,red,transparent,perfect,withlabel,nocap,
WIN_20260416_14_41_03_Pro.jpg,1000,25,Nature Spring,perfect,white,transparent,perfect,withlabel,withcap,
WIN_20260416_14_41_36_Pro.jpg,190,15,Sprite,perfect,green,transparent,imperfect,withlabel,withcap,
WIN_20260416_14_41_46_Pro.jpg,190,15,Coca-Cola,perfect,yellow,transparent,perfect,withlabel,withcap,
WIN_20260416_14_41_57_Pro.jpg,290,17,Mountain Dew,perfect,black,green,perfect,withlabel,withcap,
WIN_20260416_14_42_23_Pro.jpg,190,15,Royal,perfect,blue,transparent,perfect,withlabel,withcap,
WIN_20260416_14_42_36_Pro.jpg,190,15,Coca-Cola,imperfect,red,transparent,perfect,withlabel,nocap,
WIN_20260416_14_43_10_Pro.jpg,190,15,Coca-Cola,perfect,red,transparent,perfect,withlabel,withcap,
WIN_20260416_14_43_22_Pro.jpg,1500,27,Mountain Dew,perfect,black,green,perfect,withlabel,withcap,
WIN_20260416_14_43_37_Pro.jpg,190,15,Sprite,perfect,green,transparent,perfect,withlabel,withcap,
WIN_20260416_14_43_44_Pro.jpg,190,15,Coca-Cola,imperfect,red,transparent,perfect,withlabel,nocap,
WIN_20260416_14_43_51_Pro.jpg,190,15,Sprite,perfect,green,transparent,perfect,withlabel,withcap,
WIN_20260416_14_44_04_Pro.jpg,190,15,Coca-Cola,imperfect,red,transparent,perfect,withlabel,nocap,
WIN_20260416_14_44_37_Pro.jpg,200,15,Juicy Lemon,perfect,white,transparent,perfect,withlabel,withcap,
WIN_20260416_14_44_54_Pro.jpg,190,15,Sprite,perfect,green,transparent,perfect,withlabel,withcap,
WIN_20260416_14_45_09_Pro.jpg,190,15,Coca-Cola,imperfect,red,transparent,imperfect,withlabel,nocap,
WIN_20260416_14_45_25_Pro.jpg,190,15,Sprite,perfect,green,transparent,perfect,withlabel,withcap,
WIN_20260416_14_45_56_Pro.jpg,190,15,Coca-Cola,imperfect,red,transparent,perfect,nolabel,nocap,
WIN_20260416_14_46_23_Pro.jpg,190,15,Sprite,imperfect,green,transparent,perfect,nolabel,nocap,
WIN_20260416_14_46_40_Pro.jpg,190,15,Coca-Cola,imperfect,red,transparent,perfect,withlabel,nocap,
WIN_20260416_14_46_59_Pro.jpg,1750,30,Coca-Cola,perfect,yellow,transparent,perfect,withlabel,withcap,
WIN_20260416_14_47_17_Pro.jpg,1750,30,Coca-Cola,perfect,yellow,transparent,perfect,withlabel,withcap,
WIN_20260416_14_47_29_Pro.jpg,1500,27,Coca-Cola,imperfect,red,transparent,perfect,withlabel,nocap,
WIN_20260416_14_47_58_Pro.jpg,190,15,Sprite,perfect,green,transparent,perfect,withlabel,withcap,
WIN_20260416_14_48_15_Pro.jpg,190,15,Sprite,perfect,green,transparent,perfect,withlabel,withcap,
WIN_20260416_14_48_31_Pro.jpg,190,15,Sprite,perfect,green,transparent,perfect,withlabel,withcap,
WIN_20260416_14_48_47_Pro.jpg,190,15,Coca-Cola,perfect,red,transparent,imperfect,withlabel,withcap,
WIN_20260416_14_49_05_Pro.jpg,190,15,Coca-Cola,perfect,red,transparent,perfect,withlabel,withcap,
WIN_20260416_14_49_16_Pro.jpg,190,15,Royal,perfect,yellow,transparent,perfect,withlabel,withcap,
WIN_20260416_14_49_43_Pro.jpg,190,15,Coca-Cola,perfect,red,transparent,perfect,withlabel,withcap,
WIN_20260416_14_49_57_Pro.jpg,500,20,Nature Spring,perfect,white,transparent,perfect,withlabel,withcap,
WIN_20260416_14_50_10_Pro.jpg,190,15,Sprite,perfect,green,transparent,perfect,withlabel,withcap,
WIN_20260416_14_50_29_Pro.jpg,190,15,Sprite,perfect,green,transparent,perfect,withlabel,withcap,
WIN_20260416_14_50_48_Pro.jpg,190,15,Royal,imperfect,blue,transparent,perfect,withlabel,nocap,
WIN_20260416_14_51_14_Pro.jpg,190,15,Sprite,perfect,green,transparent,perfect,withlabel,withcap,
WIN_20260416_14_51_20_Pro.jpg,1500,27,Sprite,perfect,green,transparent,perfect,withlabel,withcap,
WIN_20260416_14_51_34_Pro.jpg,190,15,Coca-Cola,perfect,red,transparent,perfect,withlabel,withcap,
WIN_20260416_14_51_44_Pro.jpg,190,15,Royal,imperfect,white,transparent,imperfect,withlabel,nocap,
WIN_20260416_14_52_05_Pro.jpg,190,15,Coca-Cola,imperfect,red,transparent,perfect,withlabel,nocap,
WIN_20260416_14_52_15_Pro.jpg,190,15,Sprite,perfect,green,transparent,perfect,nolabel,withcap,
WIN_20260416_14_52_20_Pro.jpg,190,15,Coca-Cola,imperfect,red,transparent,imperfect,nolabel,nocap,
WIN_20260416_14_52_31_Pro.jpg,190,15,Sprite,perfect,green,transparent,perfect,withlabel,withcap,
WIN_20260416_14_52_48_Pro.jpg,500,20,Nature Spring,perfect,white,transparent,perfect,withlabel,withcap,
WIN_20260416_14_52_57_Pro.jpg,190,15,Sprite,perfect,green,transparent,perfect,withlabel,withcap,
WIN_20260416_14_53_32_Pro.jpg,500,20,Nature Spring,perfect,white,transparent,imperfect,withlabel,withcap,
WIN_20260416_14_54_04_Pro.jpg,190,15,Sprite,perfect,green,transparent,perfect,withlabel,withcap,
WIN_20260416_14_54_12_Pro.jpg,190,15,Sprite,perfect,green,transparent,perfect,withlabel,withcap,
WIN_20260416_14_54_35_Pro.jpg,1000,25,Nature Spring,perfect,white,transparent,perfect,withlabel,withcap,
WIN_20260416_14_54_45_Pro.jpg,190,15,Royal,imperfect,blue,transparent,perfect,withlabel,nocap,
WIN_20260416_14_55_33_Pro.jpg,190,15,Coca-Cola,imperfect,red,transparent,perfect,withlabel,nocap,
WIN_20260416_14_55_39_Pro.jpg,500,20,Nature Spring,perfect,white,transparent,perfect,withlabel,withcap,
WIN_20260416_14_56_27_Pro.jpg,190,15,Sprite,imperfect,green,transparent,imperfect,withlabel,nocap,
WIN_20260416_14_56_47_Pro.jpg,190,15,Sprite,perfect,green,transparent,perfect,withlabel,withcap,
WIN_20260416_14_56_58_Pro.jpg,190,15,Sprite,imperfect,green,transparent,imperfect,withlabel,nocap,
WIN_20260416_14_57_09_Pro.jpg,190,15,Coca-Cola,perfect,red,transparent,perfect,withlabel,withcap,
WIN_20260416_14_57_33_Pro.jpg,190,15,Coca-Cola,imperfect,red,transparent,imperfect,withlabel,nocap,
WIN_20260416_14_57_53_Pro.jpg,1000,25,Nature Spring,perfect,white,transparent,perfect,withlabel,withcap,
WIN_20260416_14_58_13_Pro.jpg,500,20,Nature Spring,perfect,white,transparent,imperfect,withlabel,withcap,
WIN_20260416_14_58_21_Pro.jpg,1000,25,Nature Spring,imperfect,white,transparent,imperfect,withlabel,nocap,
WIN_20260416_14_58_56_Pro.jpg,1000,25,Nature Spring,imperfect,white,transparent,perfect,nolabel,nocap,
WIN_20260416_14_59_10_Pro.jpg,1000,25,Nature Spring,imperfect,white,transparent,imperfect,nolabel,nocap,
WIN_20260416_14_59_46_Pro.jpg,1000,25,Nature Spring,perfect,white,transparent,perfect,nolabel,nocap,
WIN_20260416_14_59_57_Pro.jpg,1500,27,Sprite,perfect,green,transparent,perfect,nolabel,withcap,
WIN_20260416_15_01_12_Pro.jpg,230,16,C2,perfect,red,transparent,perfect,withlabel,withcap,
WIN_20260416_15_01_22_Pro.jpg,290,17,Coca-Cola,perfect,red,transparent,perfect,withlabel,withcap,
WIN_20260416_15_01_36_Pro.jpg,500,20,Nature Spring,perfect,white,transparent,perfect,withlabel,withcap,
WIN_20260416_15_01_44_Pro.jpg,500,20,Nature Spring,perfect,white,transparent,perfect,withlabel,withcap,
WIN_20260416_15_01_56_Pro.jpg,1000,25,Nature Spring,perfect,white,transparent,perfect,withlabel,withcap,
WIN_20260416_15_02_08_Pro.jpg,290,17,Coca-Cola,perfect,red,transparent,perfect,withlabel,withcap,
WIN_20260416_15_02_21_Pro.jpg,1000,25,Nature Spring,perfect,white,transparent,perfect,withlabel,withcap,
WIN_20260416_15_02_36_Pro.jpg,290,17,Coca-Cola,perfect,red,transparent,perfect,withlabel,withcap,
WIN_20260416_15_02_48_Pro.jpg,500,20,Nature Spring,perfect,white,transparent,perfect,withlabel,withcap,
WIN_20260416_15_02_58_Pro.jpg,290,17,Sprite,perfect,green,transparent,perfect,withlabel,withcap,
WIN_20260416_15_03_02_Pro.jpg,290,17,Sprite,perfect,green,transparent,perfect,withlabel,withcap,
WIN_20260416_15_04_04_Pro.jpg,290,17,Sprite,perfect,green,transparent,perfect,withlabel,withcap,
WIN_20260416_15_04_43_Pro.jpg,190,15,Royal,perfect,green,transparent,imperfect,withlabel,withcap,
WIN_20260416_15_05_34_Pro.jpg,190,15,Coca-Cola,imperfect,red,transparent,perfect,nolabel,nocap,
WIN_20260416_15_05_47_Pro.jpg,190,15,Coca-Cola,imperfect,red,transparent,imperfect,nolabel,nocap,
WIN_20260419_20_44_02_Pro.jpg,190,15,Sprite,perfect,green,transparent,perfect,nolabel,withcap,
WIN_20260419_20_45_03_Pro.jpg,1750,30,Coca-Cola,perfect,yellow,transparent,perfect,withlabel,withcap,
WIN_20260419_20_45_13_Pro.jpg,1750,30,Coca-Cola,perfect,yellow,transparent,perfect,withlabel,withcap,
WIN_20260419_20_45_23_Pro.jpg,1750,30,Coca-Cola,perfect,yellow,transparent,perfect,withlabel,withcap,
WIN_20260419_20_45_38_Pro.jpg,1750,30,Coca-Cola,perfect,yellow,transparent,perfect,withlabel,withcap,
WIN_20260419_20_45_49_Pro.jpg,1750,30,Coca-Cola,perfect,yellow,transparent,perfect,withlabel,withcap,
WIN_20260419_20_45_58_Pro.jpg,237,16,Royal,perfect,blue,transparent,perfect,withlabel,withcap,
WIN_20260419_20_46_01_Pro.jpg,237,16,Royal,perfect,blue,transparent,perfect,withlabel,withcap,
WIN_20260419_20_46_07_Pro.jpg,237,16,Royal,perfect,blue,transparent,perfect,withlabel,withcap,
WIN_20260419_20_46_18_Pro.jpg,190,15,Coca-Cola,perfect,red,transparent,perfect,withlabel,withcap,
WIN_20260419_20_46_23_Pro.jpg,190,15,Coca-Cola,perfect,red,transparent,perfect,withlabel,withcap,
WIN_20260419_20_46_29_Pro.jpg,190,15,Coca-Cola,imperfect,red,transparent,perfect,withlabel,nocap,
WIN_20260419_20_46_33_Pro.jpg,190,15,Coca-Cola,imperfect,red,transparent,perfect,withlabel,nocap,
WIN_20260419_20_46_50_Pro.jpg,190,15,Coca-Cola,imperfect,red,transparent,perfect,withlabel,nocap,
WIN_20260419_20_46_53_Pro.jpg,190,15,Coca-Cola,imperfect,red,transparent,perfect,withlabel,nocap,
WIN_20260419_20_47_02_Pro.jpg,190,15,Coca-Cola,imperfect,red,transparent,imperfect,withlabel,nocap,
WIN_20260419_20_47_09_Pro.jpg,190,15,Coca-Cola,imperfect,red,transparent,imperfect,withlabel,nocap,
WIN_20260419_20_47_13_Pro.jpg,190,15,Coca-Cola,imperfect,red,transparent,imperfect,withlabel,nocap,
WIN_20260419_20_47_30_Pro.jpg,190,15,Royal,perfect,red,transparent,perfect,withlabel,withcap,
WIN_20260419_20_47_34_Pro.jpg,190,15,Royal,perfect,red,transparent,perfect,withlabel,withcap,
WIN_20260419_20_47_38_Pro.jpg,190,15,Royal,perfect,red,transparent,perfect,withlabel,withcap,
WIN_20260419_20_47_49_Pro.jpg,190,15,Royal,imperfect,red,transparent,imperfect,withlabel,nocap,
WIN_20260419_20_47_53_Pro.jpg,190,15,Royal,imperfect,red,transparent,imperfect,withlabel,nocap,
WIN_20260419_20_48_57_Pro.jpg,500,20,Nature Spring,perfect,white,transparent,perfect,withlabel,withcap,
WIN_20260419_20_49_00_Pro.jpg,500,20,Nature Spring,perfect,white,transparent,perfect,withlabel,withcap,
WIN_20260419_20_49_27_Pro.jpg,500,20,Wilkins,imperfect,blue,transparent,imperfect,nolabel,nocap,
WIN_20260419_20_49_32_Pro.jpg,500,20,Wilkins,imperfect,blue,transparent,imperfect,nolabel,nocap,
WIN_20260419_20_49_49_Pro.jpg,1500,27,Coca-Cola,imperfect,green,transparent,perfect,withlabel,nocap,
WIN_20260419_20_50_57_Pro.jpg,1500,27,Coca-Cola,imperfect,green,transparent,perfect,withlabel,nocap,
WIN_20260419_20_51_09_Pro.jpg,1500,27,Coca-Cola,imperfect,green,transparent,perfect,withlabel,nocap,
WIN_20260419_21_23_35_Pro.jpg,500,20,Nature Spring,perfect,white,transparent,perfect,withlabel,withcap,
WIN_20260419_21_23_38_Pro.jpg,500,20,Nature Spring,perfect,white,transparent,perfect,withlabel,withcap,
WIN_20260419_21_24_02_Pro.jpg,500,20,Nature Spring,perfect,white,transparent,perfect,withlabel,withcap,
WIN_20260419_21_24_05_Pro.jpg,500,20,Nature Spring,perfect,white,transparent,perfect,withlabel,withcap,
WIN_20260419_21_24_08_Pro.jpg,500,20,Nature Spring,perfect,white,transparent,perfect,withlabel,withcap,
WIN_20260419_21_24_14_Pro.jpg,500,20,Nature Spring,perfect,white,transparent,perfect,withlabel,withcap,
WIN_20260419_21_24_15_Pro.jpg,500,20,Nature Spring,perfect,white,transparent,perfect,withlabel,withcap,
WIN_20260419_21_24_19_Pro.jpg,500,20,Nature Spring,perfect,white,transparent,perfect,withlabel,withcap,
WIN_20260419_21_24_35_Pro.jpg,500,20,Nature Spring,perfect,white,transparent,perfect,withlabel,withcap,
WIN_20260419_21_24_40_Pro.jpg,500,20,Nature Spring,perfect,white,transparent,perfect,withlabel,withcap,
WIN_20260419_21_25_11_Pro.jpg,500,20,Nature Spring,perfect,white,transparent,imperfect,withlabel,withcap,
WIN_20260419_21_25_18_Pro.jpg,500,20,Nature Spring,perfect,white,transparent,imperfect,withlabel,withcap,
WIN_20260419_21_25_30_Pro.jpg,500,20,Nature Spring,imperfect,white,transparent,imperfect,withlabel,nocap,
WIN_20260419_21_25_40_Pro.jpg,500,20,Nature Spring,imperfect,white,transparent,imperfect,withlabel,nocap,
WIN_20260419_21_25_49_Pro.jpg,500,20,Nature Spring,imperfect,white,transparent,imperfect,withlabel,nocap,
WIN_20260419_21_25_51_Pro.jpg,500,20,Nature Spring,imperfect,white,transparent,imperfect,withlabel,nocap,
WIN_20260419_21_26_02_Pro.jpg,500,20,Nature Spring,perfect,white,transparent,imperfect,withlabel,withcap,
WIN_20260419_21_26_52_Pro.jpg,500,20,Nature Spring,perfect,white,transparent,imperfect,withlabel,withcap,
WIN_20260419_21_26_57_Pro.jpg,500,20,Nature Spring,perfect,white,transparent,imperfect,withlabel,withcap,
WIN_20260419_21_27_11_Pro.jpg,500,20,Nature Spring,perfect,white,transparent,perfect,withlabel,withcap,
WIN_20260419_21_27_20_Pro.jpg,500,20,Nature Spring,perfect,white,transparent,perfect,withlabel,withcap,
WIN_20260419_21_27_27_Pro.jpg,500,20,Nature Spring,perfect,white,transparent,perfect,withlabel,withcap,
WIN_20260419_21_27_32_Pro.jpg,500,20,Nature Spring,perfect,white,transparent,perfect,withlabel,withcap,
WIN_20260419_21_34_45_Pro.jpg,1750,30,Royal,perfect,yellow,transparent,perfect,withlabel,withcap,
WIN_20260419_21_34_46_Pro.jpg,1750,30,Royal,perfect,yellow,transparent,perfect,withlabel,withcap,
WIN_20260419_21_34_49_Pro.jpg,1750,30,Royal,perfect,yellow,transparent,perfect,withlabel,withcap,
WIN_20260419_21_34_52_Pro.jpg,1750,30,Royal,perfect,yellow,transparent,perfect,withlabel,withcap,
WIN_20260419_21_34_59_Pro.jpg,1750,30,Royal,perfect,yellow,transparent,perfect,withlabel,withcap,
WIN_20260419_21_35_02_Pro.jpg,1750,30,Royal,perfect,yellow,transparent,perfect,withlabel,withcap,
WIN_20260419_21_35_07_Pro.jpg,1750,30,Royal,perfect,yellow,transparent,perfect,withlabel,withcap,
WIN_20260419_21_35_16_Pro.jpg,1750,30,Royal,imperfect,yellow,transparent,perfect,withlabel,nocap,
WIN_20260419_21_35_19_Pro.jpg,1750,30,Royal,imperfect,yellow,transparent,perfect,withlabel,nocap,
WIN_20260419_21_35_23_Pro.jpg,1750,30,Royal,imperfect,yellow,transparent,perfect,withlabel,nocap,
WIN_20260419_21_35_30_Pro.jpg,1750,30,Royal,imperfect,yellow,transparent,perfect,withlabel,nocap,
WIN_20260419_21_35_36_Pro.jpg,1750,30,Royal,imperfect,yellow,transparent,perfect,withlabel,nocap,
WIN_20260419_21_35_38_Pro.jpg,1750,30,Royal,imperfect,yellow,transparent,perfect,withlabel,nocap,
WIN_20260419_21_35_41_Pro.jpg,1750,30,Royal,imperfect,yellow,transparent,perfect,withlabel,nocap,
WIN_20260419_21_35_53_Pro.jpg,1750,30,Royal,imperfect,yellow,transparent,perfect,nolabel,nocap,
WIN_20260419_21_35_57_Pro.jpg,1750,30,Royal,imperfect,yellow,transparent,perfect,nolabel,nocap,
WIN_20260419_21_35_59_Pro.jpg,1750,30,Royal,imperfect,yellow,transparent,perfect,nolabel,nocap,
WIN_20260419_21_36_09_Pro.jpg,1750,30,Royal,imperfect,yellow,transparent,perfect,nolabel,nocap,
WIN_20260419_21_36_13_Pro.jpg,1750,30,Royal,imperfect,yellow,transparent,perfect,nolabel,nocap,
WIN_20260419_21_37_04_Pro.jpg,290,17,Royal,perfect,blue,transparent,perfect,withlabel,withcap,
WIN_20260419_21_37_12_Pro.jpg,290,17,Royal,perfect,blue,transparent,perfect,withlabel,withcap,
WIN_20260419_21_37_17_Pro.jpg,290,17,Royal,perfect,blue,transparent,perfect,withlabel,withcap,
WIN_20260419_21_37_24_Pro.jpg,290,17,Royal,perfect,blue,transparent,perfect,withlabel,withcap,
WIN_20260419_21_37_36_Pro.jpg,290,17,Royal,imperfect,blue,transparent,perfect,withlabel,nocap,
WIN_20260419_21_37_40_Pro.jpg,290,17,Royal,imperfect,blue,transparent,perfect,withlabel,nocap,
WIN_20260419_21_37_47_Pro.jpg,290,17,Royal,imperfect,blue,transparent,perfect,withlabel,nocap,
WIN_20260419_21_37_53_Pro.jpg,290,17,Royal,imperfect,blue,transparent,perfect,withlabel,nocap,
WIN_20260419_21_37_59_Pro.jpg,290,17,Royal,imperfect,blue,transparent,perfect,withlabel,nocap,
WIN_20260419_21_38_04_Pro.jpg,290,17,Royal,imperfect,blue,transparent,perfect,withlabel,nocap,
WIN_20260419_21_38_10_Pro.jpg,297,17,Royal,imperfect,blue,transparent,perfect,withlabel,nocap,
WIN_20260419_21_38_20_Pro.jpg,297,17,Royal,perfect,blue,transparent,perfect,withlabel,withcap,
WIN_20260419_21_38_24_Pro.jpg,297,17,Royal,perfect,blue,transparent,perfect,withlabel,withcap,
WIN_20260419_21_38_32_Pro.jpg,297,17,Royal,perfect,blue,transparent,perfect,withlabel,withcap,
WIN_20260419_21_38_36_Pro.jpg,297,17,Royal,perfect,blue,transparent,perfect,withlabel,withcap,
WIN_20260419_21_39_18_Pro.jpg,297,17,Royal,perfect,blue,transparent,perfect,nolabel,withcap,
WIN_20260419_21_39_27_Pro.jpg,297,17,Royal,imperfect,blue,transparent,perfect,nolabel,nocap,
WIN_20260419_21_39_35_Pro.jpg,297,17,Royal,imperfect,blue,transparent,perfect,nolabel,nocap,
WIN_20260419_21_39_44_Pro.jpg,297,17,Royal,imperfect,blue,transparent,perfect,nolabel,nocap,
WIN_20260419_21_39_47_Pro.jpg,297,17,Royal,imperfect,blue,transparent,perfect,nolabel,nocap,
WIN_20260419_21_39_53_Pro.jpg,297,17,Royal,imperfect,blue,transparent,perfect,nolabel,nocap,
WIN_20260419_21_39_53_Pro.jpg,200,15,Juicy Lemon,perfect,white,green,perfect,withlabel,withcap,
WIN_20260419_21_40_10_Pro.jpg,200,15,Juicy Lemon,perfect,white,green,perfect,withlabel,withcap,
WIN_20260419_21_40_15_Pro.jpg,200,15,Juicy Lemon,perfect,white,green,perfect,withlabel,withcap,
WIN_20260419_21_40_19_Pro.jpg,200,15,Juicy Lemon,perfect,white,green,perfect,withlabel,withcap,
WIN_20260419_21_40_24_Pro.jpg,200,15,Juicy Lemon,perfect,white,green,perfect,withlabel,withcap,
WIN_20260419_21_41_21_Pro.jpg,200,15,Juicy Lemon,imperfect,white,green,perfect,withlabel,nocap,
WIN_20260419_21_41_26_Pro.jpg,200,15,Juicy Lemon,imperfect,white,green,perfect,withlabel,nocap,
WIN_20260419_21_41_31_Pro.jpg,200,15,Juicy Lemon,imperfect,white,green,perfect,withlabel,nocap,
WIN_20260419_21_41_39_Pro.jpg,200,15,Juicy Lemon,imperfect,white,green,perfect,withlabel,nocap,
WIN_20260419_21_41_45_Pro.jpg,200,15,Juicy Lemon,imperfect,white,green,perfect,withlabel,nocap,
WIN_20260419_21_41_49_Pro.jpg,200,15,Juicy Lemon,imperfect,white,green,perfect,withlabel,nocap,
WIN_20260419_21_42_07_Pro.jpg,200,15,Juicy Lemon,imperfect,white,green,perfect,nolabel,nocap,
WIN_20260419_21_42_12_Pro.jpg,200,15,Juicy Lemon,imperfect,white,green,perfect,nolabel,nocap,
WIN_20260419_21_42_30_Pro.jpg,190,15,Royal,perfect,blue,white,imperfect,withlabel,withcap,
WIN_20260419_21_42_37_Pro.jpg,190,15,Royal,perfect,blue,white,imperfect,withlabel,withcap,
WIN_20260419_21_42_37_Pro.jpg,190,15,Royal,perfect,blue,white,imperfect,withlabel,withcap,
WIN_20260419_21_42_41_Pro.jpg,190,15,Royal,perfect,blue,white,imperfect,withlabel,withcap,
WIN_20260419_21_42_46_Pro.jpg,190,15,Royal,perfect,blue,white,imperfect,withlabel,withcap,
WIN_20260419_21_42_53_Pro.jpg,190,15,Royal,imperfect,blue,white,imperfect,withlabel,nocap,
WIN_20260419_21_42_59_Pro.jpg,190,15,Royal,imperfect,blue,white,imperfect,withlabel,nocap,
WIN_20260419_21_43_03_Pro.jpg,190,15,Royal,imperfect,blue,white,imperfect,withlabel,nocap,
WIN_20260419_21_43_11_Pro.jpg,190,15,Royal,imperfect,blue,white,imperfect,withlabel,nocap,
WIN_20260419_21_43_15_Pro.jpg,190,15,Royal,imperfect,blue,white,imperfect,withlabel,nocap,
WIN_20260419_21_43_21_Pro.jpg,190,15,Royal,imperfect,blue,white,imperfect,withlabel,nocap,
WIN_20260419_21_43_26_Pro.jpg,190,15,Royal,imperfect,blue,white,imperfect,withlabel,nocap,
WIN_20260419_21_44_06_Pro.jpg,190,15,Royal,imperfect,blue,white,imperfect,nolabel,nocap,
WIN_20260419_21_44_10_Pro.jpg,190,15,Royal,imperfect,blue,white,imperfect,nolabel,nocap,
WIN_20260419_21_44_15_Pro.jpg,190,15,Royal,imperfect,blue,white,imperfect,nolabel,nocap,
WIN_20260419_21_44_21_Pro.jpg,190,15,Royal,imperfect,blue,white,imperfect,nolabel,nocap,
WIN_20260419_21_44_25_Pro.jpg,190,15,Royal,imperfect,blue,white,imperfect,nolabel,nocap,
WIN_20260419_21_44_31_Pro.jpg,190,15,Royal,imperfect,blue,white,imperfect,nolabel,nocap,
WIN_20260419_21_45_01_Pro.jpg,190,15,Sprite,perfect,green,white,imperfect,withlabel,withcap,
WIN_20260419_21_45_06_Pro.jpg,190,15,Sprite,perfect,green,white,imperfect,withlabel,withcap,
WIN_20260419_21_45_11_Pro.jpg,190,15,Sprite,perfect,green,white,perfect,withlabel,withcap,
WIN_20260419_21_45_15_Pro.jpg,190,15,Sprite,perfect,green,white,perfect,withlabel,withcap,
WIN_20260419_21_45_24_Pro.jpg,190,15,Sprite,perfect,green,white,perfect,withlabel,withcap,
WIN_20260419_21_45_28_Pro.jpg,190,15,Sprite,perfect,green,white,perfect,withlabel,withcap,
WIN_20260419_21_45_34_Pro.jpg,190,15,Sprite,perfect,green,white,perfect,withlabel,withcap,
WIN_20260419_21_45_38_Pro.jpg,190,15,Sprite,perfect,green,white,perfect,withlabel,withcap,
WIN_20260419_21_45_48_Pro.jpg,190,15,Sprite,imperfect,green,white,perfect,withlabel,nocap,
WIN_20260419_21_45_51_Pro.jpg,190,15,Sprite,imperfect,green,white,perfect,withlabel,nocap,
WIN_20260419_21_45_51_Pro.jpg,190,15,Sprite,imperfect,green,white,perfect,withlabel,nocap,
WIN_20260419_21_45_55_Pro.jpg,190,15,Sprite,imperfect,green,white,imperfect,withlabel,nocap,
WIN_20260419_21_45_59_Pro.jpg,190,15,Sprite,imperfect,green,white,imperfect,withlabel,nocap,
WIN_20260419_21_46_04_Pro.jpg,190,15,Sprite,imperfect,green,white,imperfect,withlabel,nocap,
WIN_20260419_21_46_08_Pro.jpg,190,15,Sprite,imperfect,green,white,imperfect,withlabel,nocap,
WIN_20260419_21_46_13_Pro.jpg,190,15,Sprite,imperfect,green,white,imperfect,withlabel,nocap,
WIN_20260419_21_46_17_Pro.jpg,190,15,Sprite,imperfect,green,white,imperfect,withlabel,nocap,
WIN_20260419_21_46_33_Pro.jpg,190,15,Sprite,imperfect,green,white,imperfect,nolabel,nocap,
WIN_20260419_21_46_40_Pro.jpg,190,15,Sprite,imperfect,green,white,imperfect,nolabel,nocap,
WIN_20260419_21_46_45_Pro.jpg,190,15,Sprite,imperfect,green,white,imperfect,nolabel,nocap,
WIN_20260419_21_46_57_Pro.jpg,500,20,Coca-Cola,perfect,red,transparent,perfect,withlabel,withcap,
WIN_20260419_21_47_03_Pro.jpg,500,20,Coca-Cola,perfect,red,transparent,perfect,withlabel,withcap,
WIN_20260419_21_47_09_Pro.jpg,500,20,Coca-Cola,perfect,red,transparent,perfect,withlabel,withcap,
WIN_20260419_21_47_17_Pro.jpg,500,20,Coca-Cola,perfect,red,transparent,perfect,withlabel,withcap,
WIN_20260419_21_47_25_Pro.jpg,500,20,Coca-Cola,perfect,red,transparent,perfect,withlabel,withcap,
WIN_20260419_21_47_32_Pro.jpg,500,20,Coca-Cola,perfect,red,transparent,perfect,withlabel,withcap,
WIN_20260419_21_47_38_Pro.jpg,500,20,Coca-Cola,perfect,red,transparent,perfect,withlabel,withcap,
WIN_20260419_21_47_44_Pro.jpg,500,20,Coca-Cola,perfect,red,transparent,perfect,withlabel,withcap,
WIN_20260419_21_47_59_Pro.jpg,500,20,Coca-Cola,perfect,red,transparent,perfect,withlabel,withcap,
WIN_20260419_21_48_09_Pro.jpg,500,20,Coca-Cola,imperfect,red,transparent,perfect,withlabel,nocap,
WIN_20260419_21_48_13_Pro.jpg,500,20,Coca-Cola,imperfect,red,transparent,perfect,withlabel,nocap,
WIN_20260419_21_48_22_Pro.jpg,500,20,Coca-Cola,imperfect,red,transparent,perfect,withlabel,nocap,
WIN_20260419_21_48_29_Pro.jpg,500,20,Coca-Cola,imperfect,red,transparent,perfect,withlabel,nocap,
WIN_20260419_21_48_33_Pro.jpg,500,20,Coca-Cola,imperfect,red,transparent,perfect,withlabel,nocap,
WIN_20260419_21_48_38_Pro.jpg,500,20,Coca-Cola,imperfect,red,transparent,perfect,withlabel,nocap,
WIN_20260419_21_48_44_Pro.jpg,500,20,Coca-Cola,imperfect,red,transparent,perfect,withlabel,nocap,
WIN_20260419_21_48_49_Pro.jpg,500,20,Coca-Cola,imperfect,red,transparent,perfect,withlabel,nocap,
WIN_20260419_21_48_54_Pro.jpg,500,20,Coca-Cola,imperfect,red,transparent,perfect,withlabel,nocap,
WIN_20260419_21_48_58_Pro.jpg,500,20,Coca-Cola,imperfect,red,transparent,perfect,withlabel,nocap,
WIN_20260419_21_49_07_Pro.jpg,500,20,Coca-Cola,imperfect,red,transparent,imperfect,withlabel,nocap,
WIN_20260419_21_49_11_Pro.jpg,500,20,Coca-Cola,imperfect,red,transparent,imperfect,withlabel,nocap,
WIN_20260419_21_49_17_Pro.jpg,500,20,Coca-Cola,imperfect,red,transparent,imperfect,withlabel,nocap,
WIN_20260419_21_49_29_Pro.jpg,500,20,Coca-Cola,imperfect,red,transparent,imperfect,withlabel,nocap,
WIN_20260419_21_49_34_Pro.jpg,500,20,Coca-Cola,imperfect,red,transparent,imperfect,withlabel,nocap,
WIN_20260419_21_49_40_Pro.jpg,500,20,Coca-Cola,imperfect,red,transparent,imperfect,withlabel,nocap,
WIN_20260419_21_49_47_Pro.jpg,500,20,Coca-Cola,imperfect,red,transparent,imperfect,withlabel,nocap,
WIN_20260419_21_50_01_Pro.jpg,500,20,Coca-Cola,imperfect,red,transparent,imperfect,nolabel,nocap,
WIN_20260419_21_50_10_Pro.jpg,500,20,Coca-Cola,imperfect,red,transparent,imperfect,nolabel,nocap,
WIN_20260419_21_50_16_Pro.jpg,500,20,Coca-Cola,imperfect,red,transparent,imperfect,nolabel,nocap,
WIN_20260419_21_50_22_Pro.jpg,500,20,Coca-Cola,imperfect,red,transparent,imperfect,nolabel,nocap,
WIN_20260419_21_50_26_Pro.jpg,500,20,Coca-Cola,imperfect,red,transparent,imperfect,nolabel,nocap,
WIN_20260419_21_50_34_Pro.jpg,500,20,Coca-Cola,imperfect,red,transparent,imperfect,nolabel,nocap,
WIN_20260419_21_50_40_Pro.jpg,500,20,Coca-Cola,imperfect,red,transparent,imperfect,nolabel,nocap,
WIN_20260419_21_50_44_Pro.jpg,500,20,Coca-Cola,imperfect,red,transparent,imperfect,nolabel,nocap,
WIN_20260419_21_50_57_Pro.jpg,1500,27,Sprite,perfect,green,transparent,perfect,withlabel,withcap,
WIN_20260419_21_51_01_Pro.jpg,1500,27,Sprite,perfect,green,transparent,perfect,withlabel,withcap,
WIN_20260419_21_51_06_Pro.jpg,1500,27,Sprite,perfect,green,transparent,perfect,withlabel,withcap,
WIN_20260419_21_51_11_Pro.jpg,1500,27,Sprite,perfect,green,transparent,perfect,withlabel,withcap,
WIN_20260419_21_51_23_Pro.jpg,1500,27,Sprite,perfect,green,transparent,perfect,withlabel,withcap,
WIN_20260419_21_51_27_Pro.jpg,1500,27,Sprite,perfect,green,transparent,perfect,withlabel,withcap,
WIN_20260419_21_51_30_Pro.jpg,1500,27,Sprite,perfect,green,transparent,perfect,withlabel,withcap,
WIN_20260419_21_51_33_Pro.jpg,1500,27,Sprite,perfect,green,transparent,perfect,withlabel,withcap,
WIN_20260419_21_51_41_Pro.jpg,1500,27,Sprite,perfect,green,transparent,imperfect,withlabel,withcap,
WIN_20260419_21_51_45_Pro.jpg,1500,27,Sprite,perfect,green,transparent,perfect,withlabel,withcap,
WIN_20260419_21_51_53_Pro.jpg,1500,27,Sprite,perfect,green,transparent,perfect,withlabel,nocap,
WIN_20260419_21_51_59_Pro.jpg,1500,27,Sprite,perfect,green,transparent,perfect,withlabel,nocap,
WIN_20260419_21_52_02_Pro.jpg,1500,27,Sprite,perfect,green,transparent,perfect,withlabel,nocap,
WIN_20260419_21_52_07_Pro.jpg,1500,27,Sprite,perfect,green,transparent,perfect,withlabel,nocap,
WIN_20260419_21_52_11_Pro.jpg,1500,27,Sprite,perfect,green,transparent,perfect,withlabel,nocap,
WIN_20260419_21_52_32_Pro.jpg,1500,27,Sprite,imperfect,green,transparent,perfect,nolabel,nocap,
WIN_20260419_21_52_37_Pro.jpg,1500,27,Sprite,imperfect,green,transparent,perfect,nolabel,nocap,
WIN_20260419_21_52_41_Pro.jpg,1500,27,Sprite,imperfect,green,transparent,perfect,nolabel,nocap,
WIN_20260419_21_52_58_Pro.jpg,1500,27,Sprite,imperfect,green,transparent,perfect,nolabel,nocap,
WIN_20260419_21_53_02_Pro.jpg,1500,27,Sprite,imperfect,green,transparent,perfect,nolabel,nocap,
WIN_20260419_21_53_07_Pro.jpg,1500,27,Sprite,imperfect,green,transparent,perfect,nolabel,nocap,
WIN_20260419_21_53_11_Pro.jpg,1500,27,Sprite,imperfect,green,transparent,perfect,nolabel,nocap,
WIN_20260419_21_53_23_Pro.jpg,1500,27,Sprite,imperfect,green,transparent,imperfect,nolabel,nocap,
WIN_20260419_21_53_29_Pro.jpg,1500,27,Sprite,imperfect,green,transparent,imperfect,nolabel,nocap,
WIN_20260419_21_53_33_Pro.jpg,1500,27,Sprite,imperfect,green,transparent,imperfect,nolabel,nocap,
WIN_20260419_21_53_39_Pro.jpg,1500,27,Sprite,imperfect,green,transparent,imperfect,nolabel,nocap,
WIN_20260419_21_53_42_Pro.jpg,1500,27,Sprite,imperfect,green,transparent,imperfect,nolabel,nocap,
WIN_20260419_21_53_55_Pro.jpg,1500,27,Sprite,imperfect,green,transparent,imperfect,nolabel,nocap,
WIN_20260419_21_53_59_Pro.jpg,1500,27,Sprite,imperfect,green,transparent,imperfect,nolabel,nocap,
WIN_20260419_21_54_04_Pro.jpg,1500,27,Sprite,imperfect,green,transparent,imperfect,nolabel,nocap,
WIN_20260419_21_54_09_Pro.jpg,1500,27,Sprite,imperfect,green,transparent,imperfect,nolabel,nocap,
WIN_20260419_21_54_13_Pro.jpg,1500,27,Sprite,imperfect,green,transparent,imperfect,nolabel,nocap,
WIN_20260419_21_54_43_Pro.jpg,1000,25,Nature Spring,perfect,white,transparent,perfect,withlabel,withcap,
WIN_20260419_21_54_47_Pro.jpg,1000,25,Nature Spring,perfect,white,transparent,perfect,withlabel,withcap,
WIN_20260419_21_54_51_Pro.jpg,1000,25,Nature Spring,perfect,white,transparent,perfect,withlabel,withcap,
WIN_20260419_21_54_58_Pro.jpg,1000,25,Nature Spring,perfect,white,transparent,perfect,withlabel,withcap,
WIN_20260419_21_55_03_Pro.jpg,1000,25,Nature Spring,perfect,white,transparent,perfect,withlabel,withcap,
WIN_20260419_21_55_09_Pro.jpg,1000,25,Nature Spring,perfect,white,transparent,perfect,withlabel,withcap,
WIN_20260419_21_55_16_Pro.jpg,1000,25,Nature Spring,perfect,white,transparent,perfect,withlabel,withcap,
WIN_20260419_21_55_21_Pro.jpg,1000,25,Nature Spring,perfect,white,transparent,perfect,withlabel,withcap,
WIN_20260419_21_55_25_Pro.jpg,1000,25,Nature Spring,perfect,white,transparent,perfect,withlabel,withcap,
WIN_20260419_21_55_28_Pro.jpg,1000,25,Nature Spring,perfect,white,transparent,perfect,withlabel,withcap,
WIN_20260419_21_55_42_Pro.jpg,1000,25,Nature Spring,imperfect,white,transparent,perfect,withlabel,nocap,
WIN_20260419_21_55_45_Pro.jpg,1000,25,Nature Spring,imperfect,white,transparent,perfect,withlabel,nocap,
WIN_20260419_21_55_48_Pro.jpg,1000,25,Nature Spring,imperfect,white,transparent,perfect,withlabel,nocap,
WIN_20260419_21_55_50_Pro.jpg,1000,25,Nature Spring,imperfect,white,transparent,perfect,withlabel,nocap,
WIN_20260419_21_55_55_Pro.jpg,1000,25,Nature Spring,imperfect,white,transparent,perfect,withlabel,nocap,
WIN_20260419_21_55_59_Pro.jpg,1000,25,Nature Spring,imperfect,white,transparent,perfect,withlabel,nocap,
WIN_20260419_21_56_02_Pro.jpg,1000,25,Nature Spring,imperfect,white,transparent,perfect,withlabel,nocap,
WIN_20260419_21_55_59_Pro.jpg,1000,25,Nature Spring,imperfect,white,transparent,perfect,withlabel,nocap,
WIN_20260419_21_56_02_Pro.jpg,1000,25,Nature Spring,imperfect,white,transparent,perfect,withlabel,nocap,
WIN_20260419_21_56_05_Pro.jpg,1000,25,Nature Spring,imperfect,white,transparent,perfect,withlabel,nocap,
WIN_20260419_21_56_08_Pro.jpg,1000,25,Nature Spring,imperfect,white,transparent,perfect,withlabel,nocap,
WIN_20260419_21_56_17_Pro.jpg,1000,25,Nature Spring,perfect,white,transparent,imperfect,withlabel,withcap,
WIN_20260419_21_56_25_Pro.jpg,1000,25,Nature Spring,perfect,white,transparent,imperfect,withlabel,withcap,
WIN_20260419_21_56_32_Pro.jpg,1000,25,Nature Spring,perfect,white,transparent,imperfect,withlabel,withcap,
WIN_20260419_21_56_25_Pro.jpg,1000,25,Nature Spring,perfect,white,transparent,imperfect,withlabel,withcap,
WIN_20260419_21_56_32_Pro.jpg,1000,25,Nature Spring,perfect,white,transparent,imperfect,withlabel,withcap,
WIN_20260419_21_56_41_Pro.jpg,1000,25,Nature Spring,imperfect,white,transparent,imperfect,withlabel,nocap,
WIN_20260419_21_56_44_Pro.jpg,1000,25,Nature Spring,imperfect,white,transparent,imperfect,withlabel,nocap,
WIN_20260419_21_56_49_Pro.jpg,1000,25,Nature Spring,imperfect,white,transparent,imperfect,withlabel,nocap,
WIN_20260419_21_56_56_Pro.jpg,1000,25,Nature Spring,imperfect,white,transparent,imperfect,withlabel,nocap,
WIN_20260419_21_57_20_Pro.jpg,1000,25,Nature Spring,imperfect,white,transparent,imperfect,nolabel,nocap,
WIN_20260419_21_57_23_Pro.jpg,1000,25,Nature Spring,imperfect,white,transparent,imperfect,nolabel,nocap,
WIN_20260419_21_57_30_Pro.jpg,1000,25,Nature Spring,imperfect,white,transparent,imperfect,nolabel,nocap,
WIN_20260419_21_57_33_Pro.jpg,1000,25,Nature Spring,imperfect,white,transparent,imperfect,nolabel,nocap,
WIN_20260419_21_57_53_Pro.jpg,500,20,Nature Spring,perfect,white,transparent,perfect,withlabel,withcap,
WIN_20260419_21_57_57_Pro.jpg,500,20,Nature Spring,perfect,white,transparent,perfect,withlabel,withcap,
WIN_20260419_21_58_19_Pro.jpg,500,20,Nature Spring,perfect,white,transparent,perfect,withlabel,withcap,
WIN_20260419_21_58_22_Pro.jpg,500,20,Nature Spring,perfect,white,transparent,perfect,withlabel,withcap,
WIN_20260419_21_58_26_Pro.jpg,500,20,Nature Spring,perfect,white,transparent,perfect,withlabel,withcap,
WIN_20260419_21_58_40_Pro.jpg,500,20,Nature Spring,perfect,white,transparent,perfect,withlabel,withcap,
WIN_20260419_21_58_47_Pro.jpg,500,20,Nature Spring,perfect,white,transparent,perfect,withlabel,withcap,
WIN_20260419_21_58_52_Pro.jpg,500,20,Nature Spring,perfect,white,transparent,perfect,withlabel,withcap,
WIN_20260419_21_58_56_Pro.jpg,500,20,Nature Spring,perfect,white,transparent,perfect,withlabel,withcap,
WIN_20260419_21_59_01_Pro.jpg,500,20,Nature Spring,perfect,white,transparent,perfect,withlabel,withcap,
WIN_20260419_21_59_14_Pro.jpg,500,20,Nature Spring,imperfect,white,transparent,perfect,withlabel,nocap,
WIN_20260419_21_59_17_Pro.jpg,500,20,Nature Spring,imperfect,white,transparent,perfect,withlabel,nocap,
WIN_20260419_21_59_21_Pro.jpg,500,20,Nature Spring,imperfect,white,transparent,perfect,withlabel,nocap,
WIN_20260419_21_59_25_Pro.jpg,500,20,Nature Spring,imperfect,white,transparent,perfect,withlabel,nocap,
WIN_20260419_21_59_28_Pro.jpg,500,20,Nature Spring,imperfect,white,transparent,perfect,withlabel,nocap,
WIN_20260419_21_59_33_Pro.jpg,500,20,Nature Spring,imperfect,white,transparent,perfect,withlabel,nocap,
WIN_20260419_21_59_46_Pro.jpg,500,20,Nature Spring,imperfect,white,transparent,perfect,nolabel,nocap,
WIN_20260419_21_59_50_Pro.jpg,500,20,Nature Spring,imperfect,white,transparent,perfect,nolabel,nocap,
WIN_20260419_21_59_53_Pro.jpg,500,20,Nature Spring,imperfect,white,transparent,perfect,nolabel,nocap,
WIN_20260419_21_59_57_Pro.jpg,500,20,Nature Spring,imperfect,white,transparent,perfect,nolabel,nocap,
WIN_20260419_22_00_00_Pro.jpg,500,20,Nature Spring,imperfect,white,transparent,perfect,nolabel,nocap,
WIN_20260419_22_00_05_Pro.jpg,500,20,Nature Spring,imperfect,white,transparent,perfect,nolabel,nocap,
WIN_20260419_22_00_09_Pro.jpg,500,20,Nature Spring,imperfect,white,transparent,perfect,nolabel,nocap,
WIN_20260419_22_01_39_Pro.jpg,190,15,Royal,perfect,yellow,transparent,imperfect,withlabel,withcap,
WIN_20260419_22_01_42_Pro.jpg,190,15,Royal,perfect,yellow,transparent,imperfect,withlabel,withcap,
WIN_20260419_22_01_45_Pro.jpg,190,15,Royal,perfect,yellow,transparent,imperfect,withlabel,withcap,
WIN_20260419_22_01_49_Pro.jpg,190,15,Royal,perfect,yellow,transparent,imperfect,withlabel,withcap,
WIN_20260419_22_01_53_Pro.jpg,190,15,Royal,perfect,yellow,transparent,imperfect,withlabel,withcap,
WIN_20260419_22_01_57_Pro.jpg,190,15,Royal,perfect,yellow,transparent,imperfect,withlabel,withcap,
WIN_20260419_22_02_07_Pro.jpg,190,15,Royal,imperfect,white,transparent,imperfect,nolabel,nocap,
WIN_20260419_22_02_09_Pro.jpg,190,15,Royal,imperfect,white,transparent,imperfect,nolabel,nocap,
WIN_20260419_22_02_18_Pro.jpg,190,15,Royal,imperfect,white,transparent,imperfect,withlabel,nocap,
WIN_20260419_22_02_22_Pro.jpg,190,15,Royal,imperfect,white,transparent,imperfect,withlabel,nocap,
WIN_20260419_22_02_25_Pro.jpg,190,15,Royal,imperfect,white,transparent,imperfect,withlabel,nocap,
WIN_20260419_22_02_29_Pro.jpg,190,15,Royal,imperfect,white,transparent,imperfect,withlabel,nocap,
WIN_20260419_22_02_38_Pro.jpg,1500,27,Mountain Dew,perfect,black,green,perfect,withlabel,withcap,
WIN_20260419_22_02_43_Pro.jpg,1500,27,Mountain Dew,perfect,black,green,perfect,withlabel,withcap,
WIN_20260419_22_02_46_Pro.jpg,1500,27,Mountain Dew,perfect,black,green,perfect,withlabel,withcap,
WIN_20260419_22_02_51_Pro.jpg,1500,27,Mountain Dew,perfect,black,green,perfect,withlabel,withcap,
WIN_20260419_22_02_57_Pro.jpg,1500,27,Mountain Dew,perfect,black,green,perfect,withlabel,withcap,
WIN_20260419_22_03_00_Pro.jpg,1500,27,Mountain Dew,perfect,black,green,perfect,withlabel,withcap,
WIN_20260419_22_03_05_Pro.jpg,1500,27,Mountain Dew,perfect,black,green,perfect,withlabel,withcap,
WIN_20260419_22_03_10_Pro.jpg,1500,27,Mountain Dew,perfect,black,green,perfect,withlabel,withcap,
WIN_20260419_22_03_15_Pro.jpg,1500,27,Mountain Dew,perfect,black,green,perfect,withlabel,withcap,
WIN_20260419_22_03_22_Pro.jpg,1500,27,Mountain Dew,imperfect,black,green,perfect,withlabel,nocap,
WIN_20260419_22_03_26_Pro.jpg,1500,27,Mountain Dew,imperfect,black,green,perfect,withlabel,nocap,
WIN_20260419_22_03_33_Pro.jpg,1500,27,Mountain Dew,imperfect,black,green,perfect,withlabel,nocap,
WIN_20260419_22_03_36_Pro.jpg,1500,27,Mountain Dew,imperfect,black,green,perfect,withlabel,nocap,
WIN_20260419_22_03_40_Pro.jpg,1500,27,Mountain Dew,imperfect,black,green,perfect,withlabel,nocap,
WIN_20260419_22_03_45_Pro.jpg,1500,27,Mountain Dew,imperfect,black,green,perfect,withlabel,nocap,
WIN_20260419_22_03_48_Pro.jpg,1500,27,Mountain Dew,imperfect,black,green,perfect,withlabel,nocap,
WIN_20260419_22_03_52_Pro.jpg,1500,27,Mountain Dew,imperfect,black,green,perfect,withlabel,nocap,
WIN_20260419_22_03_54_Pro.jpg,1500,27,Mountain Dew,imperfect,black,green,perfect,withlabel,nocap,
WIN_20260419_22_04_11_Pro.jpg,1500,27,Mountain Dew,imperfect,black,green,imperfect,withlabel,nocap,
WIN_20260419_22_04_16_Pro.jpg,1500,27,Mountain Dew,imperfect,black,green,imperfect,withlabel,nocap,
WIN_20260419_22_04_25_Pro.jpg,1500,27,Mountain Dew,imperfect,black,green,imperfect,withlabel,nocap,
WIN_20260419_22_04_29_Pro.jpg,1500,27,Mountain Dew,imperfect,black,green,imperfect,withlabel,nocap,
WIN_20260419_22_04_33_Pro.jpg,1500,27,Mountain Dew,imperfect,black,green,imperfect,withlabel,nocap,
WIN_20260419_22_04_36_Pro.jpg,1500,27,Mountain Dew,imperfect,black,green,imperfect,withlabel,nocap, 
WIN_20260419_22_04_48_Pro.jpg,1500,27,Mountain Dew,perfect,black,green,imperfect,withlabel,withcap,
WIN_20260419_22_04_52_Pro.jpg,1500,27,Mountain Dew,perfect,black,green,imperfect,withlabel,withcap,
WIN_20260419_22_05_07_Pro.jpg,1500,27,Mountain Dew,perfect,black,green,imperfect,nolabel,withcap,
WIN_20260419_22_05_12_Pro.jpg,1500,27,Mountain Dew,perfect,black,green,imperfect,nolabel,withcap,
WIN_20260419_22_05_15_Pro.jpg,1500,27,Mountain Dew,perfect,black,green,imperfect,nolabel,withcap,
WIN_20260419_22_05_20_Pro.jpg,1500,27,Mountain Dew,perfect,black,green,imperfect,nolabel,withcap,
WIN_20260419_22_05_22_Pro.jpg,1500,27,Mountain Dew,perfect,black,green,imperfect,nolabel,withcap,
WIN_20260419_22_05_25_Pro.jpg,1500,27,Mountain Dew,perfect,black,green,imperfect,nolabel,withcap,
WIN_20260419_22_05_38_Pro.jpg,500,20,Wilkins,imperfect,blue,transparent,imperfect,nolabel,nocap,
WIN_20260419_22_05_41_Pro.jpg,500,20,Wilkins,imperfect,blue,transparent,imperfect,nolabel,nocap,
WIN_20260419_22_05_46_Pro.jpg,500,20,Wilkins,imperfect,blue,transparent,imperfect,nolabel,nocap,
WIN_20260419_22_05_51_Pro.jpg,500,20,Wilkins,imperfect,blue,transparent,imperfect,nolabel,nocap,
WIN_20260419_22_06_31_Pro.jpg,290,17,Mountain Dew,perfect,black,green,perfect,withlabel,withcap,
WIN_20260419_22_06_57_Pro.jpg,290,17,Mountain Dew,perfect,black,green,perfect,withlabel,withcap,
WIN_20260419_22_07_05_Pro.jpg,290,17,Mountain Dew,perfect,black,green,perfect,withlabel,withcap,
WIN_20260419_22_07_08_Pro.jpg,290,17,Mountain Dew,perfect,black,green,perfect,withlabel,withcap,
WIN_20260419_22_07_11_Pro.jpg,290,17,Mountain Dew,perfect,black,green,perfect,withlabel,withcap,
WIN_20260419_22_07_14_Pro.jpg,290,17,Mountain Dew,perfect,black,green,perfect,withlabel,withcap,
WIN_20260419_22_07_22_Pro.jpg,290,17,Mountain Dew,imperfect,black,green,perfect,withlabel,nocap,
WIN_20260419_22_07_26_Pro.jpg,290,17,Mountain Dew,imperfect,black,green,perfect,withlabel,nocap,
WIN_20260419_22_07_29_Pro.jpg,290,17,Mountain Dew,imperfect,black,green,perfect,withlabel,nocap,
WIN_20260419_22_07_33_Pro.jpg,290,17,Mountain Dew,imperfect,black,green,perfect,withlabel,nocap,
WIN_20260419_22_07_38_Pro.jpg,290,17,Mountain Dew,imperfect,black,green,perfect,withlabel,nocap,
WIN_20260419_22_07_43_Pro.jpg,290,17,Mountain Dew,imperfect,black,green,perfect,withlabel,nocap,
WIN_20260419_22_07_49_Pro.jpg,290,17,Mountain Dew,imperfect,black,green,perfect,withlabel,nocap,
WIN_20260419_22_07_52_Pro.jpg,290,17,Mountain Dew,imperfect,black,green,perfect,withlabel,nocap,
WIN_20260419_22_07_55_Pro.jpg,290,17,Mountain Dew,imperfect,black,green,perfect,withlabel,nocap,
WIN_20260419_22_08_05_Pro.jpg,290,17,Mountain Dew,perfect,black,green,imperfect,withlabel,withcap,
WIN_20260419_22_08_10_Pro.jpg,290,17,Mountain Dew,perfect,black,green,imperfect,withlabel,withcap,
WIN_20260419_22_08_18_Pro.jpg,290,17,Mountain Dew,perfect,black,green,imperfect,withlabel,withcap,
WIN_20260419_22_08_22_Pro.jpg,290,17,Mountain Dew,perfect,black,green,imperfect,withlabel,withcap,
WIN_20260419_22_08_29_Pro.jpg,290,17,Mountain Dew,perfect,black,green,imperfect,withlabel,nocap,
WIN_20260419_22_08_36_Pro.jpg,290,17,Mountain Dew,perfect,black,green,imperfect,withlabel,nocap,
WIN_20260419_22_08_42_Pro.jpg,290,17,Mountain Dew,perfect,black,green,imperfect,withlabel,nocap,
WIN_20260419_22_08_36_Pro.jpg,290,17,Mountain Dew,perfect,black,green,imperfect,withlabel,nocap,
WIN_20260419_22_08_42_Pro.jpg,290,17,Mountain Dew,perfect,black,green,imperfect,withlabel,nocap,
WIN_20260419_22_08_48_Pro.jpg,230,16,C2,perfect,white,transparent,perfect,withlabel,withcap,
WIN_20260419_22_08_55_Pro.jpg,230,16,C2,perfect,white,transparent,perfect,withlabel,withcap,
WIN_20260419_22_08_58_Pro.jpg,230,16,C2,perfect,white,transparent,perfect,withlabel,withcap,
WIN_20260419_22_09_09_Pro.jpg,230,16,C2,perfect,white,transparent,perfect,withlabel,withcap,
WIN_20260419_22_09_14_Pro.jpg,230,16,C2,perfect,white,transparent,perfect,withlabel,withcap,
WIN_20260419_22_09_22_Pro.jpg,230,16,C2,perfect,white,transparent,perfect,withlabel,withcap,
WIN_20260419_22_09_27_Pro.jpg,230,16,C2,perfect,white,transparent,perfect,withlabel,withcap,
WIN_20260419_22_09_36_Pro.jpg,230,16,C2,perfect,white,transparent,perfect,withlabel,withcap,
WIN_20260419_22_09_39_Pro.jpg,230,16,C2,perfect,white,transparent,perfect,withlabel,withcap,
WIN_20260419_22_09_43_Pro.jpg,230,16,C2,perfect,white,transparent,imperfect,withlabel,withcap,
WIN_20260419_22_09_49_Pro.jpg,230,16,C2,imperfect,white,transparent,imperfect,withlabel,nocap,
WIN_20260419_22_09_53_Pro.jpg,230,16,C2,imperfect,white,transparent,imperfect,withlabel,nocap,
WIN_20260419_22_09_59_Pro.jpg,230,16,C2,imperfect,white,transparent,imperfect,withlabel,nocap,
WIN_20260419_22_10_02_Pro.jpg,230,16,C2,imperfect,white,transparent,imperfect,withlabel,nocap,
WIN_20260419_22_10_06_Pro.jpg,230,16,C2,imperfect,white,transparent,imperfect,withlabel,nocap,
WIN_20260419_22_10_10_Pro.jpg,230,16,C2,imperfect,white,transparent,perfect,withlabel,nocap,
WIN_20260419_22_10_14_Pro.jpg,230,16,C2,imperfect,white,transparent,perfect,withlabel,nocap,
WIN_20260419_22_10_39_Pro.jpg,290,17,Mountain Dew,imperfect,black,green,imperfect,nolabel,nocap,
WIN_20260419_22_10_43_Pro.jpg,290,17,Mountain Dew,imperfect,black,green,imperfect,nolabel,nocap,
WIN_20260419_22_10_47_Pro.jpg,290,17,Mountain Dew,imperfect,black,green,imperfect,nolabel,nocap,
WIN_20260419_22_10_51_Pro.jpg,290,17,Mountain Dew,imperfect,black,green,imperfect,nolabel,nocap,
WIN_20260419_22_10_55_Pro.jpg,290,17,Mountain Dew,imperfect,black,green,imperfect,nolabel,nocap,
WIN_20260419_22_11_00_Pro.jpg,290,17,Mountain Dew,imperfect,black,green,imperfect,nolabel,nocap,
WIN_20260419_22_11_05_Pro.jpg,290,17,Mountain Dew,imperfect,black,green,imperfect,nolabel,nocap,
WIN_20260419_22_11_08_Pro.jpg,290,17,Mountain Dew,imperfect,black,green,imperfect,nolabel,nocap,
WIN_20260419_22_11_14_Pro.jpg,290,17,Mountain Dew,imperfect,black,green,imperfect,nolabel,nocap,
WIN_20260419_22_11_19_Pro.jpg,290,17,Mountain Dew,imperfect,black,green,imperfect,nolabel,nocap,
WIN_20260419_22_11_23_Pro.jpg,290,17,Mountain Dew,imperfect,black,green,imperfect,nolabel,nocap,
WIN_20260419_22_11_25_Pro.jpg,290,17,Mountain Dew,imperfect,black,green,imperfect,nolabel,nocap,
WIN_20260419_22_11_39_Pro.jpg,500,20,C2,perfect,green,transparent,perfect,withlabel,withcap,
WIN_20260419_22_11_43_Pro.jpg,500,20,C2,perfect,green,transparent,perfect,withlabel,withcap,
WIN_20260419_22_11_57_Pro.jpg,500,20,C2,perfect,green,transparent,perfect,withlabel,withcap,
WIN_20260419_22_12_01_Pro.jpg,500,20,C2,perfect,green,transparent,perfect,withlabel,withcap,
WIN_20260419_22_12_05_Pro.jpg,500,20,C2,perfect,green,transparent,perfect,withlabel,withcap,
WIN_20260419_22_12_08_Pro.jpg,500,20,C2,perfect,green,transparent,perfect,withlabel,withcap,
WIN_20260419_22_12_19_Pro.jpg,500,20,C2,imperfect,green,transparent,perfect,withlabel,nocap,
WIN_20260419_22_12_22_Pro.jpg,500,20,C2,imperfect,green,transparent,perfect,withlabel,nocap,
WIN_20260419_22_12_25_Pro.jpg,500,20,C2,imperfect,green,transparent,perfect,withlabel,nocap,
WIN_20260419_22_12_25_Pro.jpg,500,20,C2,imperfect,green,transparent,perfect,withlabel,nocap,
WIN_20260419_22_12_28_Pro.jpg,500,20,C2,imperfect,green,transparent,perfect,withlabel,nocap,
WIN_20260419_22_12_32_Pro.jpg,500,20,C2,imperfect,green,transparent,perfect,withlabel,nocap,
WIN_20260419_22_12_35_Pro.jpg,500,20,C2,imperfect,green,transparent,perfect,withlabel,nocap,
WIN_20260419_22_12_47_Pro.jpg,500,20,C2,perfect,green,transparent,imperfect,withlabel,withcap,
WIN_20260419_22_12_52_Pro.jpg,500,20,C2,perfect,green,transparent,imperfect,withlabel,withcap,
WIN_20260419_22_12_58_Pro.jpg,500,20,C2,perfect,green,transparent,imperfect,withlabel,withcap,
WIN_20260419_22_13_03_Pro.jpg,500,20,C2,perfect,green,transparent,imperfect,withlabel,withcap,
WIN_20260419_22_13_07_Pro.jpg,500,20,C2,perfect,green,transparent,imperfect,withlabel,withcap,
WIN_20260419_22_12_52_Pro.jpg,500,20,C2,perfect,green,transparent,imperfect,withlabel,withcap,
WIN_20260419_22_12_58_Pro.jpg,500,20,C2,perfect,green,transparent,imperfect,withlabel,withcap,
WIN_20260419_22_13_03_Pro.jpg,500,20,C2,perfect,green,transparent,imperfect,withlabel,withcap,
WIN_20260419_22_13_07_Pro.jpg,500,20,C2,perfect,green,transparent,imperfect,withlabel,withcap,
WIN_20260419_22_13_14_Pro.jpg,500,20,C2,imperfect,green,transparent,imperfect,withlabel,nocap,
WIN_20260419_22_13_17_Pro.jpg,500,20,C2,imperfect,green,transparent,imperfect,withlabel,nocap,
WIN_20260419_22_13_22_Pro.jpg,500,20,C2,imperfect,green,transparent,imperfect,withlabel,nocap,
WIN_20260419_22_13_27_Pro.jpg,500,20,C2,imperfect,green,transparent,imperfect,withlabel,nocap,
WIN_20260419_22_13_30_Pro.jpg,500,20,C2,imperfect,green,transparent,imperfect,withlabel,nocap,
WIN_20260419_22_13_55_Pro.jpg,500,20,C2,imperfect,green,transparent,perfect,nolabel,nocap,
WIN_20260419_22_13_59_Pro.jpg,500,20,C2,imperfect,green,transparent,perfect,nolabel,nocap,
WIN_20260419_22_14_02_Pro.jpg,500,20,C2,imperfect,green,transparent,perfect,nolabel,nocap,
WIN_20260419_22_14_06_Pro.jpg,500,20,C2,imperfect,green,transparent,perfect,nolabel,nocap,
WIN_20260419_22_14_10_Pro.jpg,500,20,C2,imperfect,green,transparent,perfect,nolabel,nocap,
WIN_20260419_22_14_15_Pro.jpg,500,20,C2,imperfect,green,transparent,perfect,nolabel,nocap,
WIN_20260419_22_14_18_Pro.jpg,500,20,C2,imperfect,green,transparent,perfect,nolabel,nocap,
WIN_20260419_22_14_21_Pro.jpg,500,20,C2,imperfect,green,transparent,perfect,nolabel,nocap,
WIN_20260419_22_14_32_Pro.jpg,500,20,C2,imperfect,green,transparent,imperfect,nolabel,nocap,
WIN_20260419_22_14_36_Pro.jpg,500,20,C2,imperfect,green,transparent,imperfect,nolabel,nocap,
WIN_20260419_22_14_40_Pro.jpg,500,20,C2,imperfect,green,transparent,imperfect,nolabel,nocap,
WIN_20260419_22_15_12_Pro.jpg,500,20,C2,perfect,green,transparent,perfect,nolabel,nocap,
WIN_20260419_22_15_18_Pro.jpg,500,20,C2,perfect,green,transparent,perfect,nolabel,nocap,
WIN_20260419_22_15_22_Pro.jpg,500,20,C2,perfect,green,transparent,perfect,nolabel,nocap,
WIN_20260419_22_15_25_Pro.jpg,500,20,C2,perfect,green,transparent,perfect,nolabel,nocap,
WIN_20260419_22_15_30_Pro.jpg,500,20,C2,perfect,green,transparent,perfect,nolabel,nocap,
WIN_20260419_22_15_33_Pro.jpg,500,20,C2,perfect,green,transparent,perfect,nolabel,nocap,
WIN_20260419_22_16_09_Pro.jpg,235,16,C2,perfect,red,transparent,perfect,nolabel,withcap,
WIN_20260419_22_16_12_Pro.jpg,235,16,C2,perfect,red,transparent,perfect,nolabel,withcap,
WIN_20260419_22_16_17_Pro.jpg,235,16,C2,perfect,red,transparent,perfect,nolabel,withcap,
WIN_20260419_22_16_19_Pro.jpg,235,16,C2,perfect,red,transparent,perfect,nolabel,withcap,
WIN_20260419_22_16_26_Pro.jpg,235,16,C2,imperfect,red,transparent,perfect,nolabel,nocap,
WIN_20260419_22_16_28_Pro.jpg,235,16,C2,imperfect,red,transparent,perfect,nolabel,nocap,
WIN_20260419_22_16_31_Pro.jpg,235,16,C2,imperfect,red,transparent,perfect,nolabel,nocap,
WIN_20260419_22_16_40_Pro.jpg,235,16,C2,imperfect,red,transparent,imperfect,nolabel,nocap,
WIN_20260419_22_16_44_Pro.jpg,235,16,C2,imperfect,red,transparent,imperfect,nolabel,nocap,
WIN_20260419_22_16_52_Pro.jpg,235,16,C2,imperfect,red,transparent,imperfect,nolabel,withcap,
WIN_20260419_22_16_56_Pro.jpg,235,16,C2,imperfect,red,transparent,imperfect,nolabel,withcap,
WIN_20260419_22_17_07_Pro.jpg,235,16,C2,perfect,green,transparent,perfect,withlabel,withcap,
WIN_20260419_22_17_12_Pro.jpg,235,16,C2,perfect,green,transparent,perfect,withlabel,withcap,
WIN_20260419_22_17_16_Pro.jpg,235,16,C2,perfect,green,transparent,perfect,withlabel,withcap,
WIN_20260419_22_17_26_Pro.jpg,235,16,C2,perfect,green,transparent,perfect,withlabel,withcap,
WIN_20260419_22_17_36_Pro.jpg,235,16,C2,perfect,green,transparent,perfect,withlabel,withcap,
WIN_20260419_22_17_42_Pro.jpg,235,16,C2,perfect,green,transparent,perfect,withlabel,withcap,
WIN_20260419_22_17_46_Pro.jpg,235,16,C2,perfect,green,transparent,perfect,withlabel,withcap,
WIN_20260419_22_17_52_Pro.jpg,235,16,C2,perfect,green,transparent,perfect,withlabel,withcap,
WIN_20260419_22_17_55_Pro.jpg,235,16,C2,perfect,green,transparent,perfect,withlabel,withcap,
WIN_20260419_22_17_59_Pro.jpg,235,16,C2,perfect,green,transparent,perfect,withlabel,withcap,
WIN_20260419_22_18_11_Pro.jpg,235,16,C2,perfect,green,transparent,imperfect,withlabel,withcap,
WIN_20260419_22_18_16_Pro.jpg,235,16,C2,perfect,green,transparent,imperfect,withlabel,withcap,
WIN_20260419_22_18_27_Pro.jpg,235,16,C2,imperfect,green,transparent,imperfect,withlabel,nocap,
WIN_20260419_22_18_30_Pro.jpg,235,16,C2,imperfect,green,transparent,imperfect,withlabel,nocap,
WIN_20260419_22_19_16_Pro.jpg,235,16,C2,imperfect,green,transparent,imperfect,withlabel,nocap,
WIN_20260419_22_19_24_Pro.jpg,235,16,C2,imperfect,green,transparent,perfect,withlabel,nocap,
WIN_20260419_22_19_27_Pro.jpg,235,16,C2,imperfect,green,transparent,perfect,withlabel,nocap,
WIN_20260419_22_19_30_Pro.jpg,235,16,C2,imperfect,green,transparent,perfect,withlabel,nocap,
WIN_20260419_22_20_49_Pro.jpg,235,16,C2,imperfect,green,transparent,perfect,nolabel,nocap,
WIN_20260419_22_20_54_Pro.jpg,235,16,C2,imperfect,green,transparent,perfect,nolabel,nocap,
WIN_20260419_22_20_58_Pro.jpg,235,16,C2,imperfect,green,transparent,perfect,nolabel,nocap,
WIN_20260419_22_21_03_Pro.jpg,235,16,C2,imperfect,green,transparent,perfect,nolabel,nocap,
WIN_20260419_22_21_08_Pro.jpg,235,16,C2,imperfect,green,transparent,perfect,nolabel,nocap,
WIN_20260419_22_21_12_Pro.jpg,235,16,C2,imperfect,green,transparent,perfect,nolabel,nocap,
WIN_20260419_22_21_25_Pro.jpg,235,16,C2,perfect,green,transparent,imperfect,nolabel,withcap,
WIN_20260419_22_21_27_Pro.jpg,235,16,C2,perfect,green,transparent,imperfect,nolabel,withcap,
WIN_20260419_22_21_33_Pro.jpg,235,16,C2,perfect,green,transparent,imperfect,nolabel,withcap,
WIN_20260419_22_21_36_Pro.jpg,235,16,C2,perfect,green,transparent,imperfect,nolabel,withcap,
WIN_20260419_22_21_45_Pro.jpg,235,16,C2,perfect,green,transparent,imperfect,nolabel,withcap,
WIN_20260419_22_21_50_Pro.jpg,235,16,C2,perfect,green,transparent,imperfect,nolabel,withcap,
WIN_20260419_22_21_55_Pro.jpg,235,16,C2,perfect,green,transparent,imperfect,nolabel,withcap,
WIN_20260419_22_22_01_Pro.jpg,235,16,C2,imperfect,green,transparent,imperfect,nolabel,nocap,
WIN_20260419_22_22_04_Pro.jpg,235,16,C2,imperfect,green,transparent,imperfect,nolabel,nocap,
WIN_20260419_22_22_08_Pro.jpg,235,16,C2,imperfect,green,transparent,imperfect,nolabel,nocap,
WIN_20260419_22_22_17_Pro.jpg,500,20,Gatorade,perfect,orange,transparent,perfect,withlabel,withcap,
WIN_20260419_22_22_21_Pro.jpg,500,20,Gatorade,perfect,orange,transparent,perfect,withlabel,withcap,
WIN_20260419_22_22_24_Pro.jpg,500,20,Gatorade,perfect,orange,transparent,perfect,withlabel,withcap,
WIN_20260419_22_22_28_Pro.jpg,500,20,Gatorade,perfect,orange,transparent,perfect,withlabel,withcap,
WIN_20260419_22_22_31_Pro.jpg,500,20,Gatorade,perfect,orange,transparent,perfect,withlabel,withcap,
WIN_20260419_22_22_37_Pro.jpg,500,20,Gatorade,imperfect,orange,transparent,perfect,withlabel,nocap,
WIN_20260419_22_22_42_Pro.jpg,500,20,Gatorade,imperfect,orange,transparent,perfect,withlabel,nocap,
WIN_20260419_22_22_45_Pro.jpg,500,20,Gatorade,imperfect,orange,transparent,perfect,withlabel,nocap,
WIN_20260419_22_22_50_Pro.jpg,500,20,Gatorade,imperfect,orange,transparent,perfect,withlabel,nocap,
WIN_20260419_22_22_52_Pro.jpg,500,20,Gatorade,imperfect,orange,transparent,perfect,withlabel,nocap,
WIN_20260419_22_22_56_Pro.jpg,500,20,Gatorade,imperfect,orange,transparent,perfect,withlabel,nocap,
WIN_20260419_22_22_58_Pro.jpg,500,20,Gatorade,imperfect,orange,transparent,perfect,withlabel,nocap,
WIN_20260419_22_23_01_Pro.jpg,500,20,Gatorade,imperfect,orange,transparent,perfect,withlabel,nocap,
WIN_20260419_22_23_04_Pro.jpg,500,20,Gatorade,imperfect,orange,transparent,perfect,withlabel,nocap,
WIN_20260419_22_23_08_Pro.jpg,500,20,Gatorade,imperfect,orange,transparent,perfect,withlabel,nocap,
WIN_20260419_22_24_43_Pro.jpg,500,20,Gatorade,imperfect,orange,transparent,perfect,nolabel,nocap,
WIN_20260419_22_24_46_Pro.jpg,500,20,Gatorade,imperfect,orange,transparent,perfect,nolabel,nocap,
WIN_20260419_22_24_49_Pro.jpg,500,20,Gatorade,imperfect,orange,transparent,perfect,nolabel,nocap,
WIN_20260419_22_24_53_Pro.jpg,500,20,Gatorade,imperfect,orange,transparent,perfect,nolabel,nocap,
WIN_20260419_22_25_01_Pro.jpg,500,20,Gatorade,perfect,orange,transparent,perfect,nolabel,withcap,  
WIN_20260419_22_25_04_Pro.jpg,500,20,Gatorade,perfect,orange,transparent,perfect,nolabel,withcap,
WIN_20260419_22_25_07_Pro.jpg,500,20,Gatorade,perfect,orange,transparent,perfect,nolabel,withcap,
WIN_20260419_22_25_12_Pro.jpg,500,20,Gatorade,perfect,orange,transparent,perfect,nolabel,withcap,
WIN_20260419_22_25_23_Pro.jpg,500,20,Gatorade,imperfect,orange,transparent,imperfect,nolabel,nocap,
WIN_20260419_22_25_28_Pro.jpg,500,20,Gatorade,imperfect,orange,transparent,imperfect,nolabel,nocap,
WIN_20260419_22_25_33_Pro.jpg,500,20,Gatorade,imperfect,orange,transparent,imperfect,nolabel,nocap,
WIN_20260419_22_25_43_Pro.jpg,500,20,Gatorade,imperfect,orange,transparent,imperfect,nolabel,nocap,
WIN_20260419_22_25_58_Pro.jpg,330,18,Cobra,perfect,black,transparent,perfect,withlabel,withcap,
WIN_20260419_22_26_02_Pro.jpg,330,18,Cobra,perfect,black,transparent,perfect,withlabel,withcap,
WIN_20260419_22_26_05_Pro.jpg,330,18,Cobra,perfect,black,transparent,perfect,withlabel,withcap,
WIN_20260419_22_26_09_Pro.jpg,330,18,Cobra,perfect,black,transparent,perfect,withlabel,withcap,
WIN_20260419_22_26_15_Pro.jpg,330,18,Cobra,perfect,black,transparent,perfect,withlabel,withcap,
WIN_20260419_22_26_23_Pro.jpg,330,18,Cobra,imperfect,black,transparent,perfect,withlabel,nocap,
WIN_20260419_22_26_28_Pro.jpg,330,18,Cobra,imperfect,black,transparent,perfect,withlabel,nocap,
WIN_20260419_22_26_28_Pro.jpg,330,18,Cobra,imperfect,black,transparent,perfect,withlabel,nocap,
WIN_20260419_22_26_31_Pro.jpg,330,18,Cobra,imperfect,black,transparent,perfect,withlabel,nocap,
WIN_20260419_22_26_35_Pro.jpg,330,18,Cobra,imperfect,black,transparent,perfect,withlabel,nocap,
WIN_20260419_22_26_38_Pro.jpg,330,18,Cobra,imperfect,black,transparent,perfect,withlabel,nocap,
WIN_20260419_22_26_43_Pro.jpg,330,18,Cobra,imperfect,black,transparent,perfect,withlabel,nocap,
WIN_20260419_22_26_49_Pro.jpg,330,18,Cobra,imperfect,black,transparent,perfect,withlabel,nocap,
WIN_20260419_22_26_53_Pro.jpg,330,18,Cobra,imperfect,black,transparent,perfect,withlabel,nocap,
WIN_20260419_22_26_56_Pro.jpg,330,18,Cobra,imperfect,black,transparent,perfect,withlabel,nocap,
WIN_20260419_22_27_00_Pro.jpg,330,18,Cobra,imperfect,black,transparent,perfect,withlabel,nocap,
WIN_20260419_22_27_02_Pro.jpg,330,18,Cobra,imperfect,black,transparent,perfect,withlabel,nocap,
WIN_20260419_22_27_12_Pro.jpg,330,18,Cobra,imperfect,black,transparent,imperfect,withlabel,nocap,
WIN_20260419_22_27_15_Pro.jpg,330,18,Cobra,imperfect,black,transparent,imperfect,withlabel,nocap,
WIN_20260419_22_27_24_Pro.jpg,330,18,Cobra,perfect,black,transparent,imperfect,withlabel,withcap,
WIN_20260419_22_27_27_Pro.jpg,330,18,Cobra,perfect,black,transparent,imperfect,withlabel,withcap,
WIN_20260419_22_28_02_Pro.jpg,330,18,Cobra,perfect,black,transparent,perfect,nolabel,withcap,
WIN_20260419_22_28_05_Pro.jpg,330,18,Cobra,perfect,black,transparent,perfect,nolabel,withcap,
WIN_20260419_22_28_10_Pro.jpg,330,18,Cobra,perfect,black,transparent,perfect,nolabel,withcap,
WIN_20260419_22_28_15_Pro.jpg,330,18,Cobra,perfect,black,transparent,perfect,nolabel,withcap,
WIN_20260419_22_28_23_Pro.jpg,330,18,Cobra,imperfect,black,transparent,perfect,nolabel,nocap,
WIN_20260419_22_28_26_Pro.jpg,330,18,Cobra,imperfect,black,transparent,perfect,nolabel,nocap,
WIN_20260419_22_28_30_Pro.jpg,330,18,Cobra,imperfect,black,transparent,perfect,nolabel,nocap,
WIN_20260419_22_28_34_Pro.jpg,330,18,Cobra,imperfect,black,transparent,perfect,nolabel,nocap,
WIN_20260419_22_28_45_Pro.jpg,330,18,Cobra,imperfect,black,transparent,imperfect,nolabel,nocap,
WIN_20260419_22_28_49_Pro.jpg,330,18,Cobra,imperfect,black,transparent,imperfect,nolabel,nocap,
WIN_20260419_22_28_54_Pro.jpg,330,18,Cobra,imperfect,black,transparent,imperfect,nolabel,nocap,
WIN_20260419_22_28_56_Pro.jpg,330,18,Cobra,imperfect,black,transparent,imperfect,nolabel,nocap,
WIN_20260419_22_29_03_Pro.jpg,330,18,Cobra,perfect,black,transparent,imperfect,nolabel,withcap,
WIN_20260419_22_29_07_Pro.jpg,330,18,Cobra,perfect,black,transparent,imperfect,nolabel,withcap,
WIN_20260419_22_29_12_Pro.jpg,330,18,Cobra,perfect,black,transparent,imperfect,nolabel,withcap,
WIN_20260419_22_29_17_Pro.jpg,330,18,Cobra,perfect,black,transparent,imperfect,nolabel,withcap,
WIN_20260419_22_29_29_Pro.jpg,190,16,Kopiko,perfect,brown,transparent,perfect,withlabel,withcap,
WIN_20260419_22_29_33_Pro.jpg,190,16,Kopiko,perfect,brown,transparent,perfect,withlabel,withcap,
WIN_20260419_22_29_33_Pro.jpg,190,16,Kopiko,perfect,brown,transparent,perfect,withlabel,withcap,
WIN_20260419_22_29_37_Pro.jpg,190,16,Kopiko,perfect,brown,transparent,perfect,withlabel,withcap,
WIN_20260419_22_29_40_Pro.jpg,190,16,Kopiko,perfect,brown,transparent,perfect,withlabel,withcap,
WIN_20260419_22_29_44_Pro.jpg,190,16,Kopiko,perfect,brown,transparent,perfect,withlabel,withcap,
WIN_20260419_22_29_52_Pro.jpg,190,16,Kopiko,imperfect,brown,transparent,perfect,withlabel,nocap,
WIN_20260419_22_29_56_Pro.jpg,190,16,Kopiko,imperfect,brown,transparent,perfect,withlabel,nocap,
WIN_20260419_22_29_59_Pro.jpg,190,16,Kopiko,imperfect,brown,transparent,perfect,withlabel,nocap,
WIN_20260419_22_30_03_Pro.jpg,190,16,Kopiko,imperfect,brown,transparent,perfect,withlabel,nocap,
WIN_20260419_22_30_07_Pro.jpg,190,16,Kopiko,imperfect,brown,transparent,perfect,withlabel,nocap,
WIN_20260419_22_30_12_Pro.jpg,190,16,Kopiko,imperfect,brown,transparent,perfect,withlabel,nocap,
WIN_20260419_22_30_16_Pro.jpg,190,16,Kopiko,imperfect,brown,transparent,perfect,withlabel,nocap,
WIN_20260419_22_30_19_Pro.jpg,190,16,Kopiko,imperfect,brown,transparent,perfect,withlabel,nocap,
WIN_20260419_22_30_23_Pro.jpg,190,16,Kopiko,imperfect,brown,transparent,perfect,withlabel,nocap,
WIN_20260419_22_30_26_Pro.jpg,190,16,Kopiko,imperfect,brown,transparent,perfect,withlabel,nocap,
WIN_20260419_22_30_37_Pro.jpg,190,16,Kopiko,perfect,brown,transparent,perfect,withlabel,withcap,
WIN_20260419_22_30_40_Pro.jpg,190,16,Kopiko,perfect,brown,transparent,perfect,withlabel,withcap,
WIN_20260419_22_30_43_Pro.jpg,190,16,Kopiko,perfect,brown,transparent,perfect,withlabel,withcap,
WIN_20260419_22_30_46_Pro.jpg,190,16,Kopiko,perfect,brown,transparent,perfect,withlabel,withcap,
WIN_20260419_22_30_49_Pro.jpg,190,16,Kopiko,perfect,brown,transparent,perfect,withlabel,withcap,
WIN_20260419_22_31_04_Pro.jpg,190,16,Kopiko,perfect,brown,transparent,perfect,withlabel,withcap,
WIN_20260419_22_31_07_Pro.jpg,190,16,Kopiko,perfect,brown,transparent,perfect,withlabel,withcap,
WIN_20260419_22_31_11_Pro.jpg,190,16,Kopiko,perfect,brown,transparent,imperfect,withlabel,withcap,
WIN_20260419_22_31_14_Pro.jpg,190,16,Kopiko,perfect,brown,transparent,imperfect,withlabel,withcap,
WIN_20260419_22_31_19_Pro.jpg,190,16,Kopiko,perfect,brown,transparent,imperfect,withlabel,withcap,
WIN_20260419_22_31_23_Pro.jpg,190,16,Kopiko,perfect,brown,transparent,imperfect,withlabel,withcap,
WIN_20260419_22_31_27_Pro.jpg,190,16,Kopiko,perfect,brown,transparent,imperfect,withlabel,withcap,
WIN_20260419_22_31_33_Pro.jpg,190,16,Kopiko,imperfect,brown,transparent,imperfect,withlabel,nocap,
WIN_20260419_22_31_37_Pro.jpg,190,16,Kopiko,imperfect,brown,transparent,imperfect,withlabel,nocap,
WIN_20260419_22_31_41_Pro.jpg,190,16,Kopiko,imperfect,brown,transparent,imperfect,withlabel,nocap,
WIN_20260419_22_31_48_Pro.jpg,190,16,Kopiko,imperfect,brown,transparent,imperfect,withlabel,nocap,
WIN_20260419_22_31_53_Pro.jpg,190,16,Kopiko,imperfect,brown,transparent,imperfect,withlabel,nocap,
WIN_20260419_22_31_56_Pro.jpg,190,16,Kopiko,imperfect,brown,transparent,imperfect,withlabel,nocap,
WIN_20260419_22_33_27_Pro.jpg,190,16,Kopiko,imperfect,brown,transparent,imperfect,nolabel,nocap,
WIN_20260419_22_33_30_Pro.jpg,190,16,Kopiko,imperfect,brown,transparent,imperfect,nolabel,nocap,
WIN_20260419_22_33_33_Pro.jpg,190,16,Kopiko,imperfect,brown,transparent,imperfect,nolabel,nocap,
WIN_20260419_22_33_49_Pro.jpg,190,16,Kopiko,perfect,brown,transparent,imperfect,nolabel,withcap,
WIN_20260419_22_33_53_Pro.jpg,190,16,Kopiko,perfect,brown,transparent,imperfect,nolabel,withcap,
WIN_20260419_22_33_59_Pro.jpg,190,16,Kopiko,perfect,brown,transparent,imperfect,nolabel,withcap,
WIN_20260419_22_34_03_Pro.jpg,190,16,Kopiko,perfect,brown,transparent,imperfect,nolabel,withcap,
WIN_20260419_22_34_09_Pro.jpg,190,16,Kopiko,perfect,brown,transparent,imperfect,nolabel,withcap,
WIN_20260419_22_34_12_Pro.jpg,190,16,Kopiko,perfect,brown,transparent,imperfect,nolabel,withcap,
WIN_20260419_22_34_19_Pro.jpg,190,16,Kopiko,imperfect,brown,transparent,imperfect,nolabel,nocap,
WIN_20260419_22_34_23_Pro.jpg,190,16,Kopiko,imperfect,brown,transparent,imperfect,nolabel,nocap,
WIN_20260419_22_34_27_Pro.jpg,190,16,Kopiko,imperfect,brown,transparent,imperfect,nolabel,nocap,
WIN_20260419_22_34_31_Pro.jpg,190,16,Kopiko,imperfect,brown,transparent,imperfect,nolabel,nocap,
WIN_20260419_22_34_52_Pro.jpg,290,17,Sting,perfect,black,transparent,perfect,withlabel,withcap,
WIN_20260419_22_35_10_Pro.jpg,290,17,Sting,perfect,black,transparent,perfect,withlabel,withcap,
WIN_20260419_22_35_15_Pro.jpg,290,17,Sting,perfect,black,transparent,perfect,withlabel,withcap,
WIN_20260419_22_35_16_Pro.jpg,290,17,Sting,perfect,black,transparent,perfect,withlabel,withcap,
WIN_20260419_22_35_20_Pro.jpg,290,17,Sting,perfect,black,transparent,perfect,withlabel,withcap,
WIN_20260419_22_35_24_Pro.jpg,290,17,Sting,perfect,black,transparent,perfect,withlabel,withcap,
WIN_20260419_22_35_28_Pro.jpg,290,17,Sting,perfect,black,transparent,perfect,withlabel,withcap,
WIN_20260419_22_35_32_Pro.jpg,290,17,Sting,perfect,black,transparent,perfect,withlabel,withcap,
WIN_20260419_22_35_40_Pro.jpg,290,17,Sting,perfect,black,transparent,perfect,withlabel,withcap,
WIN_20260419_22_35_44_Pro.jpg,290,17,Sting,perfect,black,transparent,perfect,withlabel,withcap,
WIN_20260419_22_35_47_Pro.jpg,290,17,Sting,perfect,black,transparent,perfect,withlabel,withcap,
WIN_20260419_22_35_51_Pro.jpg,290,17,Sting,perfect,black,transparent,perfect,withlabel,withcap,
WIN_20260419_22_35_54_Pro.jpg,290,17,Sting,perfect,black,transparent,perfect,withlabel,withcap,
WIN_20260419_22_35_58_Pro.jpg,290,17,Sting,perfect,black,transparent,perfect,withlabel,withcap,
WIN_20260419_22_36_07_Pro.jpg,290,17,Sting,imperfect,black,transparent,perfect,withlabel,nocap,
WIN_20260419_22_36_10_Pro.jpg,290,17,Sting,imperfect,black,transparent,perfect,withlabel,nocap,
WIN_20260419_22_36_15_Pro.jpg,290,17,Sting,imperfect,black,transparent,perfect,withlabel,nocap,
WIN_20260419_22_36_18_Pro.jpg,290,17,Sting,imperfect,black,transparent,perfect,withlabel,nocap,
WIN_20260419_22_36_22_Pro.jpg,290,17,Sting,imperfect,black,transparent,perfect,withlabel,nocap,
WIN_20260419_22_36_25_Pro.jpg,290,17,Sting,imperfect,black,transparent,perfect,withlabel,nocap,
WIN_20260419_22_36_30_Pro.jpg,290,17,Sting,imperfect,black,transparent,perfect,withlabel,nocap,
WIN_20260419_22_36_33_Pro.jpg,290,17,Sting,imperfect,black,transparent,perfect,withlabel,nocap,
WIN_20260419_22_36_36_Pro.jpg,290,17,Sting,imperfect,black,transparent,perfect,withlabel,nocap,
WIN_20260419_22_36_42_Pro.jpg,290,17,Sting,imperfect,black,transparent,perfect,withlabel,nocap,
WIN_20260419_22_36_46_Pro.jpg,290,17,Sting,imperfect,black,transparent,perfect,withlabel,nocap,
WIN_20260419_22_36_50_Pro.jpg,290,17,Sting,imperfect,black,transparent,perfect,withlabel,nocap,
WIN_20260419_22_36_53_Pro.jpg,290,17,Sting,imperfect,black,transparent,perfect,withlabel,nocap,
WIN_20260419_22_37_02_Pro.jpg,290,17,Sting,imperfect,black,transparent,imperfect,withlabel,nocap,
WIN_20260419_22_37_06_Pro.jpg,290,17,Sting,imperfect,black,transparent,imperfect,withlabel,nocap,
WIN_20260419_22_37_08_Pro.jpg,290,17,Sting,imperfect,black,transparent,imperfect,withlabel,nocap,
WIN_20260419_22_37_14_Pro.jpg,290,17,Sting,imperfect,black,transparent,imperfect,withlabel,nocap,
WIN_20260419_22_37_31_Pro.jpg,290,17,Sting,imperfect,black,transparent,imperfect,withlabel,nocap,
WIN_20260419_22_37_35_Pro.jpg,290,17,Sting,imperfect,black,transparent,imperfect,withlabel,nocap,
WIN_20260419_22_37_39_Pro.jpg,290,17,Sting,imperfect,black,transparent,imperfect,withlabel,nocap,
WIN_20260419_22_37_44_Pro.jpg,290,17,Sting,imperfect,black,transparent,imperfect,withlabel,nocap,
WIN_20260419_22_37_50_Pro.jpg,290,17,Sting,perfect,black,transparent,imperfect,withlabel,withcap,
WIN_20260419_22_37_53_Pro.jpg,290,17,Sting,perfect,black,transparent,imperfect,withlabel,withcap,
WIN_20260419_22_38_03_Pro.jpg,290,17,Sting,perfect,black,transparent,imperfect,withlabel,withcap,
WIN_20260419_22_38_08_Pro.jpg,290,17,Sting,perfect,black,transparent,imperfect,withlabel,withcap,
WIN_20260419_22_38_11_Pro.jpg,290,17,Sting,perfect,black,transparent,imperfect,withlabel,withcap,
WIN_20260419_22_38_19_Pro.jpg,290,17,Sting,perfect,black,transparent,imperfect,withlabel,withcap,
WIN_20260419_22_38_33_Pro.jpg,290,17,Sting,perfect,black,transparent,imperfect,nolabel,withcap,
WIN_20260419_22_38_39_Pro.jpg,290,17,Sting,perfect,black,transparent,imperfect,nolabel,withcap,
WIN_20260419_22_38_43_Pro.jpg,290,17,Sting,perfect,black,transparent,imperfect,nolabel,withcap,
WIN_20260419_22_38_46_Pro.jpg,290,17,Sting,perfect,black,transparent,imperfect,nolabel,withcap,
WIN_20260419_22_38_51_Pro.jpg,290,17,Sting,perfect,black,transparent,imperfect,nolabel,withcap,
WIN_20260419_22_38_54_Pro.jpg,290,17,Sting,perfect,black,transparent,imperfect,nolabel,withcap,
WIN_20260419_22_39_01_Pro.jpg,290,17,Sting,imperfect,black,transparent,imperfect,nolabel,nocap,
WIN_20260419_22_39_03_Pro.jpg,290,17,Sting,imperfect,black,transparent,imperfect,nolabel,nocap,
WIN_20260419_22_39_09_Pro.jpg,290,17,Sting,imperfect,black,transparent,imperfect,nolabel,nocap,
WIN_20260419_22_39_11_Pro.jpg,290,17,Sting,imperfect,black,transparent,imperfect,nolabel,nocap,
WIN_20260419_22_39_11_Pro.jpg,290,17,Sting,imperfect,black,transparent,imperfect,nolabel,nocap,
WIN_20260419_22_39_22_Pro.jpg,290,17,Sting,imperfect,black,transparent,imperfect,nolabel,nocap,
WIN_20260419_22_40_11_Pro.jpg,200,15,Juicy Lemon,perfect,white,green,perfect,withlabel,withcap,
WIN_20260419_22_40_15_Pro.jpg,200,15,Juicy Lemon,perfect,white,green,perfect,withlabel,withcap,
WIN_20260419_22_40_17_Pro.jpg,200,15,Juicy Lemon,perfect,white,green,perfect,withlabel,withcap,
WIN_20260419_22_40_20_Pro.jpg,200,15,Juicy Lemon,perfect,white,green,perfect,withlabel,withcap,
WIN_20260419_22_40_24_Pro.jpg,200,15,Juicy Lemon,perfect,white,green,perfect,withlabel,withcap,
WIN_20260419_22_40_33_Pro.jpg,200,15,Juicy Lemon,imperfect,white,green,perfect,withlabel,nocap,
WIN_20260419_22_40_36_Pro.jpg,200,15,Juicy Lemon,imperfect,white,green,perfect,withlabel,nocap,
WIN_20260419_22_40_38_Pro.jpg,200,15,Juicy Lemon,imperfect,white,green,perfect,withlabel,nocap,
WIN_20260419_22_40_42_Pro.jpg,200,15,Juicy Lemon,imperfect,white,green,perfect,withlabel,nocap,
WIN_20260419_22_40_46_Pro.jpg,200,15,Juicy Lemon,imperfect,white,green,perfect,withlabel,nocap,
WIN_20260419_22_40_49_Pro.jpg,200,15,Juicy Lemon,imperfect,white,green,perfect,withlabel,nocap,
WIN_20260419_22_40_52_Pro.jpg,200,15,Juicy Lemon,imperfect,white,green,perfect,withlabel,nocap,
WIN_20260419_22_40_55_Pro.jpg,200,15,Juicy Lemon,imperfect,white,green,perfect,withlabel,nocap,
WIN_20260419_22_40_59_Pro.jpg,200,15,Juicy Lemon,imperfect,white,green,perfect,withlabel,nocap,
WIN_20260419_22_41_02_Pro.jpg,200,15,Juicy Lemon,imperfect,white,green,perfect,withlabel,nocap,
WIN_20260419_22_41_17_Pro.jpg,200,15,Juicy Lemon,imperfect,white,green,imperfect,withlabel,nocap,
WIN_20260419_22_41_21_Pro.jpg,200,15,Juicy Lemon,imperfect,white,green,imperfect,withlabel,nocap,
WIN_20260419_22_41_31_Pro.jpg,200,15,Juicy Lemon,imperfect,white,green,imperfect,withlabel,nocap,
WIN_20260419_22_41_35_Pro.jpg,200,15,Juicy Lemon,imperfect,white,green,imperfect,withlabel,nocap,
WIN_20260419_22_41_51_Pro.jpg,200,15,Juicy Lemon,imperfect,white,green,imperfect,nolabel,nocap,
WIN_20260419_22_41_54_Pro.jpg,200,15,Juicy Lemon,imperfect,white,green,imperfect,nolabel,nocap,
WIN_20260419_22_41_57_Pro.jpg,200,15,Juicy Lemon,imperfect,white,green,imperfect,nolabel,nocap,
WIN_20260419_22_42_05_Pro.jpg,200,15,Juicy Lemon,imperfect,white,green,imperfect,nolabel,nocap,
WIN_20260419_22_42_08_Pro.jpg,200,15,Juicy Lemon,imperfect,white,green,imperfect,nolabel,nocap,
WIN_20260419_22_42_25_Pro.jpg,200,15,Juicy Lemon,perfect,white,green,imperfect,nolabel,withcap,
WIN_20260419_22_42_28_Pro.jpg,200,15,Juicy Lemon,perfect,white,green,imperfect,nolabel,withcap,
WIN_20260419_22_42_32_Pro.jpg,200,15,Juicy Lemon,perfect,white,green,imperfect,nolabel,withcap,
WIN_20260419_22_42_36_Pro.jpg,200,15,Juicy Lemon,perfect,white,green,imperfect,nolabel,withcap,
WIN_20260419_22_42_59_Pro.jpg,500,20,Wilkins,imperfect,blue,transparent,perfect,withlabel,nocap,
WIN_20260419_22_43_03_Pro.jpg,500,20,Wilkins,imperfect,blue,transparent,perfect,withlabel,nocap,
WIN_20260419_22_43_07_Pro.jpg,500,20,Wilkins,imperfect,blue,transparent,perfect,withlabel,nocap,
WIN_20260419_22_43_10_Pro.jpg,500,20,Wilkins,imperfect,blue,transparent,perfect,withlabel,nocap,
WIN_20260419_22_43_14_Pro.jpg,500,20,Wilkins,imperfect,blue,transparent,perfect,withlabel,nocap,
WIN_20260419_22_43_18_Pro.jpg,500,20,Wilkins,imperfect,blue,transparent,perfect,withlabel,nocap,
WIN_20260419_22_43_24_Pro.jpg,500,20,Wilkins,imperfect,blue,transparent,perfect,withlabel,nocap,
WIN_20260419_22_43_27_Pro.jpg,500,20,Wilkins,imperfect,blue,transparent,perfect,withlabel,nocap,
WIN_20260419_22_43_29_Pro.jpg,500,20,Wilkins,imperfect,blue,transparent,perfect,withlabel,nocap,
WIN_20260419_22_43_32_Pro.jpg,500,20,Wilkins,imperfect,blue,transparent,perfect,withlabel,nocap,
WIN_20260419_22_43_35_Pro.jpg,500,20,Wilkins,imperfect,blue,transparent,perfect,withlabel,nocap,
WIN_20260419_22_43_39_Pro.jpg,500,20,Wilkins,imperfect,blue,transparent,perfect,withlabel,nocap,
WIN_20260419_22_44_20_Pro.jpg,500,20,Wilkins,perfect,white,transparent,perfect,withlabel,withcap,
WIN_20260419_22_44_23_Pro.jpg,500,20,Wilkins,perfect,white,transparent,perfect,withlabel,withcap,
WIN_20260419_22_44_26_Pro.jpg,500,20,Wilkins,perfect,white,transparent,perfect,withlabel,withcap,
WIN_20260419_22_44_29_Pro.jpg,500,20,Wilkins,perfect,white,transparent,perfect,withlabel,withcap,
WIN_20260419_22_44_33_Pro.jpg,500,20,Wilkins,perfect,white,transparent,perfect,withlabel,withcap,
WIN_20260419_22_44_35_Pro.jpg,500,20,Wilkins,perfect,white,transparent,perfect,withlabel,withcap,
WIN_20260419_22_44_38_Pro.jpg,500,20,Wilkins,perfect,white,transparent,perfect,withlabel,withcap,
WIN_20260419_22_44_40_Pro.jpg,500,20,Wilkins,perfect,white,transparent,perfect,withlabel,withcap,
WIN_20260419_22_44_48_Pro.jpg,500,20,Wilkins,perfect,white,transparent,imperfect,withlabel,withcap,
WIN_20260419_22_44_51_Pro.jpg,500,20,Wilkins,perfect,white,transparent,imperfect,withlabel,withcap,
WIN_20260419_22_44_55_Pro.jpg,500,20,Wilkins,perfect,white,transparent,imperfect,withlabel,withcap,
WIN_20260419_22_44_59_Pro.jpg,500,20,Wilkins,perfect,white,transparent,imperfect,withlabel,withcap,
WIN_20260419_22_45_03_Pro.jpg,500,20,Wilkins,perfect,white,transparent,imperfect,withlabel,withcap,
WIN_20260419_22_45_06_Pro.jpg,500,20,Wilkins,perfect,white,transparent,imperfect,withlabel,withcap(),
WIN_20260419_22_45_12_Pro.jpg,500,20,Wilkins,imperfect,blue,transparent,imperfect,withlabel,nocap,
WIN_20260419_22_45_15_Pro.jpg,500,20,Wilkins,imperfect,blue,transparent,imperfect,withlabel,nocap,
WIN_20260419_22_45_18_Pro.jpg,500,20,Wilkins,imperfect,blue,transparent,imperfect,withlabel,nocap,
WIN_20260419_22_45_23_Pro.jpg,500,20,Wilkins,imperfect,blue,transparent,imperfect,withlabel,nocap,
WIN_20260419_22_45_27_Pro.jpg,500,20,Wilkins,imperfect,blue,transparent,imperfect,withlabel,nocap,
WIN_20260419_22_45_32_Pro.jpg,500,20,Wilkins,imperfect,blue,transparent,imperfect,withlabel,nocap,
WIN_20260419_22_45_36_Pro.jpg,500,20,Wilkins,imperfect,blue,transparent,imperfect,withlabel,nocap,
WIN_20260419_22_45_41_Pro.jpg,500,20,Wilkins,imperfect,blue,transparent,imperfect,withlabel,nocap,
WIN_20260419_22_45_43_Pro.jpg,500,20,Wilkins,imperfect,blue,transparent,imperfect,withlabel,nocap,
WIN_20260419_22_45_46_Pro.jpg,500,20,Wilkins,imperfect,blue,transparent,imperfect,withlabel,nocap,
WIN_20260419_22_46_15_Pro.jpg,500,20,Wilkins,imperfect,blue,transparent,imperfect,nolabel,nocap,
WIN_20260419_22_46_18_Pro.jpg,500,20,Wilkins,imperfect,blue,transparent,imperfect,nolabel,nocap,
WIN_20260419_22_46_22_Pro.jpg,500,20,Wilkins,imperfect,blue,transparent,imperfect,nolabel,nocap,
WIN_20260419_22_46_24_Pro.jpg,500,20,Wilkins,imperfect,blue,transparent,imperfect,nolabel,nocap,
WIN_20260419_22_46_27_Pro.jpg,500,20,Wilkins,imperfect,blue,transparent,imperfect,nolabel,nocap,
WIN_20260419_22_46_30_Pro.jpg,500,20,Wilkins,imperfect,blue,transparent,imperfect,nolabel,nocap,
WIN_20260419_22_46_35_Pro.jpg,500,20,Wilkins,imperfect,blue,transparent,imperfect,nolabel,nocap,
WIN_20260419_22_46_39_Pro.jpg,500,20,Wilkins,imperfect,blue,transparent,imperfect,nolabel,nocap,
WIN_20260419_22_46_41_Pro.jpg,500,20,Wilkins,imperfect,blue,transparent,imperfect,nolabel,nocap,
WIN_20260419_22_47_04_Pro.jpg,500,20,Nature Spring,perfect,white,transparent,perfect,withlabel,withcap,
WIN_20260419_22_47_08_Pro.jpg,500,20,Nature Spring,perfect,white,transparent,perfect,withlabel,withcap,
WIN_20260419_22_47_11_Pro.jpg,500,20,Nature Spring,perfect,white,transparent,perfect,withlabel,withcap,
WIN_20260419_22_47_13_Pro.jpg,500,20,Nature Spring,perfect,white,transparent,perfect,withlabel,withcap,
WIN_20260419_22_47_17_Pro.jpg,500,20,Nature Spring,perfect,white,transparent,perfect,withlabel,withcap,
WIN_20260419_22_47_20_Pro.jpg,500,20,Nature Spring,perfect,white,transparent,perfect,withlabel,withcap,
WIN_20260419_22_47_22_Pro.jpg,500,20,Nature Spring,perfect,white,transparent,perfect,withlabel,withcap,
WIN_20260419_22_47_25_Pro.jpg,500,20,Nature Spring,perfect,white,transparent,perfect,withlabel,withcap,
WIN_20260419_22_47_38_Pro.jpg,500,20,Nature Spring,imperfect,white,transparent,perfect,withlabel,nocap,
WIN_20260419_22_47_41_Pro.jpg,500,20,Nature Spring,imperfect,white,transparent,perfect,withlabel,nocap,
WIN_20260419_22_47_44_Pro.jpg,500,20,Nature Spring,imperfect,white,transparent,perfect,withlabel,nocap,
WIN_20260419_22_47_46_Pro.jpg,500,20,Nature Spring,imperfect,white,transparent,perfect,withlabel,nocap,
WIN_20260419_22_47_51_Pro.jpg,500,20,Nature Spring,imperfect,white,transparent,perfect,withlabel,nocap,
WIN_20260419_22_47_55_Pro.jpg,500,20,Nature Spring,imperfect,white,transparent,perfect,withlabel,nocap,
WIN_20260419_22_47_58_Pro.jpg,500,20,Nature Spring,imperfect,white,transparent,perfect,withlabel,nocap,
WIN_20260419_22_48_01_Pro.jpg,500,20,Nature Spring,imperfect,white,transparent,perfect,withlabel,nocap,
WIN_20260419_22_48_04_Pro.jpg,500,20,Nature Spring,imperfect,white,transparent,perfect,withlabel,nocap,
WIN_20260419_22_48_23_Pro.jpg,500,20,Nature Spring,imperfect,white,transparent,perfect,nolabel,nocap,
WIN_20260419_22_48_27_Pro.jpg,500,20,Nature Spring,imperfect,white,transparent,perfect,nolabel,nocap,
WIN_20260419_22_48_30_Pro.jpg,500,20,Nature Spring,imperfect,white,transparent,perfect,nolabel,nocap,
WIN_20260419_22_48_34_Pro.jpg,500,20,Nature Spring,imperfect,white,transparent,perfect,nolabel,nocap,
WIN_20260419_23_45_08_Pro.jpg,290,17,Sting,perfect,black,transparent,perfect,withlabel,withcap,
WIN_20260419_23_45_23_Pro.jpg,290,17,Sting,perfect,black,transparent,perfect,withlabel,withcap,
WIN_20260419_23_45_31_Pro.jpg,290,17,Sting,perfect,black,transparent,perfect,withlabel,withcap,
WIN_20260419_23_45_50_Pro.jpg,500,20,Summit,perfect,blue,transparent,perfect,withlabel,withcap,
WIN_20260419_23_45_51_Pro.jpg,500,20,Summit,perfect,blue,transparent,perfect,withlabel,withcap,
WIN_20260419_23_45_58_Pro.jpg,500,20,Summit,perfect,blue,transparent,perfect,withlabel,withcap,
WIN_20260419_23_46_04_Pro.jpg,500,20,Summit,perfect,blue,transparent,perfect,withlabel,withcap,
WIN_20260419_23_46_06_Pro.jpg,500,20,Summit,perfect,blue,transparent,perfect,withlabel,withcap,
WIN_20260419_23_46_09_Pro.jpg,500,20,Summit,perfect,blue,transparent,perfect,withlabel,withcap,
WIN_20260419_23_46_18_Pro.jpg,500,20,Summit,imperfect,blue,transparent,perfect,withlabel,nocap,
WIN_20260419_23_46_24_Pro.jpg,500,20,Summit,imperfect,blue,transparent,perfect,withlabel,nocap,
WIN_20260419_23_46_46_Pro.jpg,500,20,Summit,imperfect,blue,transparent,perfect,withlabel,nocap,
WIN_20260419_23_46_48_Pro.jpg,500,20,Summit,imperfect,blue,transparent,perfect,withlabel,nocap,
WIN_20260419_23_46_50_Pro.jpg,500,20,Summit,imperfect,blue,transparent,perfect,withlabel,nocap,
WIN_20260419_23_46_56_Pro (2).jpg,500,20,Summit,imperfect,blue,transparent,perfect,withlabel,nocap,
WIN_20260419_23_46_56_Pro.jpg,500,20,Summit,imperfect,blue,transparent,perfect,withlabel,nocap,
WIN_20260419_23_47_15_Pro.jpg,500,20,Summit,perfect,blue,transparent,imperfect,nolabel,withcap,
WIN_20260419_23_47_25_Pro.jpg,500,20,Summit,perfect,blue,transparent,imperfect,nolabel,withcap,
WIN_20260419_23_47_31_Pro.jpg,500,20,Summit,imperfect,blue,transparent,perfect,nolabel,nocap,
WIN_20260419_23_47_38_Pro.jpg,500,20,Summit,imperfect,blue,transparent,perfect,nolabel,nocap,
WIN_20260419_23_47_46_Pro.jpg,500,20,Summit,imperfect,blue,transparent,perfect,nolabel,nocap,
WIN_20260419_23_47_50_Pro.jpg,500,20,Summit,imperfect,blue,transparent,perfect,nolabel,nocap,
WIN_20260419_23_47_52_Pro.jpg,500,20,Summit,imperfect,blue,transparent,perfect,nolabel,nocap,
WIN_20260419_23_48_23_Pro.jpg,500,20,Summit,imperfect,blue,transparent,imperfect,withlabel,nocap,
WIN_20260419_23_48_29_Pro.jpg,500,20,Summit,imperfect,blue,transparent,imperfect,withlabel,nocap,
WIN_20260419_23_48_42_Pro.jpg,500,20,Summit,imperfect,blue,transparent,imperfect,withlabel,nocap,
WIN_20260419_23_48_54_Pro.jpg,500,20,Summit,perfect,blue,transparent,imperfect,nolabel,withcap,
WIN_20260419_23_48_58_Pro.jpg,500,20,Summit,perfect,blue,transparent,imperfect,nolabel,withcap,
WIN_20260419_23_49_01_Pro.jpg,500,20,Summit,perfect,blue,transparent,imperfect,nolabel,withcap,
WIN_20260419_23_49_34_Pro.jpg,500,20,Nature Spring,perfect,white,transparent,perfect,withlabel,withcap,
WIN_20260419_23_49_38_Pro.jpg,500,20,Nature Spring,perfect,white,transparent,perfect,withlabel,withcap,
WIN_20260419_23_49_41_Pro.jpg,500,20,Nature Spring,perfect,white,transparent,perfect,withlabel,withcap,
WIN_20260419_23_50_04_Pro.jpg,330,18,Minute Maid,perfect,black,transparent,perfect,withlabel,withcap,
WIN_20260419_23_50_10_Pro.jpg,330,18,Minute Maid,perfect,black,transparent,perfect,withlabel,withcap,
WIN_20260419_23_50_17_Pro.jpg,330,18,Minute Maid,perfect,black,transparent,perfect,withlabel,withcap,
WIN_20260419_23_50_21_Pro.jpg,330,18,Minute Maid,perfect,black,transparent,perfect,withlabel,withcap,
WIN_20260419_23_50_26_Pro.jpg,330,18,Minute Maid,perfect,black,transparent,perfect,withlabel,withcap,
WIN_20260419_23_50_34_Pro.jpg,330,18,Minute Maid,imperfect,black,transparent,perfect,withlabel,nocap,
WIN_20260419_23_50_39_Pro.jpg,330,18,Minute Maid,imperfect,black,transparent,perfect,withlabel,nocap,
WIN_20260419_23_50_46_Pro.jpg,330,18,Minute Maid,imperfect,black,transparent,perfect,withlabel,nocap,
WIN_20260419_23_50_54_Pro.jpg,330,18,Minute Maid,imperfect,black,transparent,perfect,withlabel,nocap,
WIN_20260419_23_50_57_Pro.jpg,330,18,Minute Maid,imperfect,black,transparent,perfect,withlabel,nocap,
WIN_20260419_23_51_04_Pro.jpg,330,18,Minute Maid,imperfect,black,transparent,perfect,withlabel,nocap,
WIN_20260419_23_52_41_Pro.jpg,500,20,Wilkins,perfect,white,transparent,perfect,withlabel,withcap,
WIN_20260419_23_52_44_Pro.jpg,500,20,Wilkins,perfect,white,transparent,perfect,withlabel,withcap,
WIN_20260419_23_52_46_Pro.jpg,500,20,Wilkins,perfect,white,transparent,perfect,withlabel,withcap,
WIN_20260419_23_52_49_Pro.jpg,500,20,Wilkins,perfect,white,transparent,perfect,withlabel,withcap,
WIN_20260419_23_52_52_Pro.jpg,500,20,Wilkins,perfect,white,transparent,perfect,withlabel,withcap,
WIN_20260419_23_52_59_Pro.jpg,500,20,Wilkins,perfect,white,transparent,perfect,withlabel,withcap,
WIN_20260419_23_53_02_Pro.jpg,500,20,Wilkins,perfect,white,transparent,perfect,withlabel,withcap,
WIN_20260419_23_53_06_Pro.jpg,500,20,Wilkins,perfect,white,transparent,perfect,withlabel,withcap,
WIN_20260419_23_53_17_Pro.jpg,500,20,Wilkins,imperfect,white,transparent,perfect,withlabel,nocap,
WIN_20260419_23_53_20_Pro.jpg,500,20,Wilkins,imperfect,white,transparent,perfect,withlabel,nocap,
WIN_20260419_23_53_22_Pro.jpg,500,20,Wilkins,imperfect,white,transparent,perfect,withlabel,nocap,
WIN_20260419_23_53_25_Pro.jpg,500,20,Wilkins,imperfect,white,transparent,perfect,withlabel,nocap,
WIN_20260419_23_53_31_Pro.jpg,500,20,Wilkins,imperfect,white,transparent,perfect,withlabel,nocap,
WIN_20260419_23_53_35_Pro.jpg,500,20,Wilkins,imperfect,white,transparent,perfect,withlabel,nocap,
WIN_20260419_23_53_38_Pro.jpg,500,20,Wilkins,imperfect,white,transparent,perfect,withlabel,nocap,
WIN_20260419_23_53_40_Pro.jpg,500,20,Wilkins,imperfect,white,transparent,perfect,withlabel,nocap,
WIN_20260419_23_53_42_Pro.jpg,500,20,Wilkins,imperfect,white,transparent,perfect,withlabel,nocap,
WIN_20260419_23_54_56_Pro.jpg,500,20,Smart C,perfect,green,transparent,perfect,withlabel,withcap,
WIN_20260419_23_54_59_Pro.jpg,500,20,Smart C,perfect,green,transparent,perfect,withlabel,withcap,
WIN_20260419_23_55_03_Pro.jpg,500,20,Smart C,perfect,green,transparent,perfect,withlabel,withcap,
WIN_20260419_23_55_13_Pro.jpg,500,20,Smart C,perfect,green,transparent,perfect,withlabel,withcap,
WIN_20260419_23_55_16_Pro.jpg,500,20,Smart C,perfect,green,transparent,perfect,withlabel,withcap,
WIN_20260419_23_55_32_Pro.jpg,500,20,Smart C,perfect,green,transparent,perfect,withlabel,withcap,
WIN_20260419_23_56_01_Pro.jpg,500,20,Smart C,perfect,green,transparent,perfect,withlabel,withcap,
WIN_20260419_23_56_23_Pro.jpg,500,20,Smart C,imperfect,green,transparent,perfect,withlabel,nocap,
WIN_20260419_23_56_41_Pro.jpg,500,20,Smart C,imperfect,green,transparent,perfect,withlabel,nocap,
WIN_20260419_23_56_46_Pro.jpg,500,20,Smart C,imperfect,green,transparent,perfect,withlabel,nocap,
WIN_20260419_23_56_49_Pro.jpg,500,20,Smart C,imperfect,green,transparent,perfect,withlabel,nocap,
WIN_20260419_23_56_58_Pro.jpg,500,20,Smart C,imperfect,green,transparent,perfect,withlabel,nocap,
WIN_20260419_23_57_02_Pro.jpg,500,20,Smart C,imperfect,green,transparent,perfect,withlabel,nocap,
WIN_20260419_23_57_06_Pro.jpg,500,20,Smart C,imperfect,green,transparent,perfect,withlabel,nocap,
WIN_20260419_23_57_11_Pro.jpg,500,20,Smart C,imperfect,green,transparent,perfect,withlabel,nocap,
WIN_20260419_23_57_39_Pro.jpg,500,20,Wilkins,perfect,white,transparent,perfect,nolabel,withcap,
WIN_20260419_23_57_42_Pro.jpg,500,20,Wilkins,perfect,white,transparent,perfect,nolabel,withcap,
WIN_20260419_23_57_45_Pro.jpg,500,20,Wilkins,perfect,white,transparent,perfect,nolabel,withcap,
WIN_20260419_23_57_55_Pro.jpg,500,20,Wilkins,perfect,white,transparent,perfect,nolabel,withcap,
WIN_20260419_23_58_00_Pro.jpg,500,20,Wilkins,perfect,white,transparent,perfect,nolabel,withcap,
WIN_20260419_23_58_06_Pro.jpg,500,20,Wilkins,perfect,white,transparent,perfect,nolabel,withcap,
WIN_20260419_23_58_19_Pro.jpg,500,20,Wilkins,imperfect,white,transparent,perfect,nolabel,nocap,
WIN_20260419_23_58_25_Pro.jpg,500,20,Wilkins,imperfect,white,transparent,perfect,nolabel,nocap,
WIN_20260419_23_58_28_Pro.jpg,500,20,Wilkins,imperfect,white,transparent,perfect,nolabel,nocap,
WIN_20260419_23_58_35_Pro.jpg,500,20,Wilkins,imperfect,white,transparent,perfect,nolabel,nocap,
WIN_20260419_23_58_39_Pro.jpg,500,20,Wilkins,imperfect,white,transparent,perfect,nolabel,nocap,
WIN_20260419_23_58_43_Pro.jpg,500,20,Wilkins,imperfect,white,transparent,perfect,nolabel,nocap,
WIN_20260419_23_58_45_Pro.jpg,500,20,Wilkins,imperfect,white,transparent,perfect,nolabel,nocap,
WIN_20260419_23_59_38_Pro.jpg,500,20,Wilkins,perfect,white,transparent,perfect,withlabel,withcap,
WIN_20260419_23_59_43_Pro.jpg,500,20,Wilkins,perfect,white,transparent,perfect,withlabel,withcap,
WIN_20260419_23_59_49_Pro.jpg,500,20,Wilkins,perfect,white,transparent,perfect,withlabel,withcap,
WIN_20260419_23_59_53_Pro.jpg,500,20,Wilkins,perfect,white,transparent,perfect,withlabel,withcap,
WIN_20260420_00_00_06_Pro.jpg,500,20,Wilkins,perfect,white,transparent,perfect,nolabel,withcap,
WIN_20260420_00_00_12_Pro.jpg,500,20,Wilkins,perfect,white,transparent,perfect,nolabel,withcap,
WIN_20260420_00_00_16_Pro.jpg,500,20,Wilkins,perfect,white,transparent,imperfect,nolabel,withcap,
WIN_20260420_00_00_21_Pro.jpg,500,20,Wilkins,perfect,white,transparent,imperfect,nolabel,withcap,
WIN_20260420_00_00_26_Pro.jpg,500,20,Wilkins,perfect,white,transparent,imperfect,nolabel,withcap,
WIN_20260420_00_00_56_Pro.jpg,500,20,Wilkins,imperfect,white,transparent,imperfect,nolabel,nocap,
WIN_20260420_00_01_00_Pro.jpg,500,20,Wilkins,imperfect,white,transparent,imperfect,nolabel,nocap,
WIN_20260420_00_01_03_Pro.jpg,500,20,Wilkins,imperfect,white,transparent,imperfect,nolabel,nocap,
WIN_20260420_00_01_09_Pro.jpg,500,20,Wilkins,imperfect,white,transparent,imperfect,nolabel,nocap,
WIN_20260420_01_17_58_Pro.jpg,500,20,Pocari Sweat,perfect,white,transparent,perfect,withlabel,withcap,
WIN_20260420_01_18_08_Pro.jpg,500,20,Pocari Sweat,perfect,white,transparent,perfect,withlabel,withcap,
WIN_20260420_01_18_15_Pro.jpg,500,20,Pocari Sweat,perfect,white,transparent,perfect,withlabel,withcap,
WIN_20260420_01_18_23_Pro.jpg,500,20,Pocari Sweat,perfect,white,transparent,perfect,withlabel,withcap,
WIN_20260420_01_18_37_Pro.jpg,500,20,Pocari Sweat,imperfect,white,transparent,perfect,withlabel,nocap,
WIN_20260420_01_18_42_Pro.jpg,500,20,Pocari Sweat,imperfect,white,transparent,perfect,withlabel,nocap,
WIN_20260420_01_18_48_Pro.jpg,500,20,Pocari Sweat,imperfect,white,transparent,perfect,withlabel,nocap,
WIN_20260420_01_18_55_Pro.jpg,500,20,Pocari Sweat,imperfect,white,transparent,perfect,withlabel,nocap,
WIN_20260420_01_19_13_Pro.jpg,500,20,Pocari Sweat,imperfect,white,transparent,perfect,nolabel,nocap,
WIN_20260420_01_19_18_Pro.jpg,500,20,Pocari Sweat,imperfect,white,transparent,perfect,nolabel,nocap,
WIN_20260420_01_19_27_Pro.jpg,500,20,Pocari Sweat,imperfect,white,transparent,perfect,nolabel,nocap,
WIN_20260420_01_19_37_Pro.jpg,500,20,Pocari Sweat,perfect,white,transparent,perfect,nolabel,withcap,
WIN_20260420_01_19_46_Pro.jpg,500,20,Pocari Sweat,perfect,white,transparent,perfect,nolabel,withcap,
WIN_20260420_01_20_03_Pro.jpg,500,20,Pocari Sweat,perfect,white,transparent,perfect,nolabel,withcap,
WIN_20260420_01_20_07_Pro.jpg,500,20,Pocari Sweat,perfect,white,transparent,perfect,nolabel,withcap,
WIN_20260420_01_20_16_Pro.jpg,500,20,Pocari Sweat,perfect,white,transparent,perfect,nolabel,withcap,
WIN_20260420_01_20_21_Pro.jpg,500,20,Pocari Sweat,perfect,white,transparent,imperfect,nolabel,withcap,
WIN_20260420_01_25_38_Pro.jpg,500,20,Wilkins,perfect,blue,transparent,perfect,withlabel,withcap,
WIN_20260420_01_25_43_Pro.jpg,500,20,Wilkins,perfect,blue,transparent,perfect,withlabel,withcap,
WIN_20260420_01_25_48_Pro.jpg,500,20,Wilkins,perfect,blue,transparent,perfect,withlabel,withcap,
WIN_20260420_01_25_59_Pro.jpg,500,20,Wilkins,perfect,blue,transparent,perfect,withlabel,withcap,
WIN_20260420_01_26_04_Pro.jpg,500,20,Wilkins,perfect,blue,transparent,perfect,withlabel,withcap,
WIN_20260420_01_26_08_Pro.jpg,500,20,Wilkins,perfect,blue,transparent,perfect,withlabel,withcap,
WIN_20260420_01_26_18_Pro.jpg,500,20,Wilkins,imperfect,blue,transparent,perfect,withlabel,nocap,
WIN_20260420_01_26_22_Pro.jpg,500,20,Wilkins,imperfect,blue,transparent,perfect,withlabel,nocap,
WIN_20260420_01_26_31_Pro.jpg,500,20,Wilkins,imperfect,blue,transparent,perfect,withlabel,nocap,
WIN_20260420_01_26_35_Pro.jpg,500,20,Wilkins,imperfect,blue,transparent,perfect,withlabel,nocap,
WIN_20260420_01_26_52_Pro.jpg,500,20,Wilkins,imperfect,blue,transparent,perfect,withlabel,nocap,
WIN_20260420_01_26_57_Pro.jpg,500,20,Wilkins,imperfect,blue,transparent,perfect,withlabel,nocap,
WIN_20260420_01_27_01_Pro.jpg,500,20,Wilkins,imperfect,blue,transparent,imperfect,withlabel,nocap,
WIN_20260420_01_27_03_Pro.jpg,500,20,Wilkins,imperfect,blue,transparent,imperfect,withlabel,nocap,
WIN_20260420_01_27_06_Pro.jpg,500,20,Wilkins,imperfect,blue,transparent,imperfect,withlabel,nocap,
WIN_20260420_01_27_15_Pro.jpg,500,20,Wilkins,perfect,blue,transparent,imperfect,withlabel,withcap,
WIN_20260420_01_27_22_Pro.jpg,500,20,Wilkins,perfect,blue,transparent,perfect,withlabel,withcap,
WIN_20260420_01_27_34_Pro.jpg,500,20,Pepsi,perfect,white,transparent,perfect,withlabel,withcap,
WIN_20260420_01_27_39_Pro.jpg,500,20,Pepsi,perfect,white,transparent,perfect,withlabel,withcap,
WIN_20260420_01_27_43_Pro.jpg,500,20,Pepsi,perfect,white,transparent,perfect,withlabel,withcap,
WIN_20260420_01_27_51_Pro.jpg,500,20,Pepsi,perfect,white,transparent,perfect,withlabel,withcap,
WIN_20260420_01_27_56_Pro.jpg,500,20,Pepsi,perfect,white,transparent,perfect,withlabel,withcap,
WIN_20260420_01_28_00_Pro.jpg,500,20,Pepsi,perfect,white,transparent,perfect,withlabel,withcap,
WIN_20260420_01_28_09_Pro.jpg,500,20,Pepsi,imperfect,white,transparent,perfect,withlabel,nocap,
WIN_20260420_01_28_16_Pro.jpg,500,20,Pepsi,imperfect,white,transparent,perfect,withlabel,nocap,
WIN_20260420_01_28_20_Pro.jpg,500,20,Pepsi,imperfect,white,transparent,perfect,withlabel,nocap,
WIN_20260420_01_28_27_Pro.jpg,500,20,Pepsi,imperfect,white,transparent,perfect,withlabel,nocap,
WIN_20260420_01_28_33_Pro.jpg,500,20,Pepsi,imperfect,white,transparent,perfect,withlabel,nocap,
WIN_20260420_01_28_57_Pro.jpg,500,20,Nature Spring,perfect,white,transparent,perfect,withlabel,withcap,
WIN_20260420_01_29_02_Pro.jpg,500,20,Nature Spring,perfect,white,transparent,perfect,withlabel,withcap,
WIN_20260420_01_29_12_Pro.jpg,190,15,Sprite,perfect,green,transparent,perfect,withlabel,withcap,
WIN_20260420_01_29_18_Pro.jpg,190,15,Sprite,perfect,green,transparent,perfect,withlabel,withcap,
WIN_20260420_01_29_27_Pro.jpg,190,15,Sprite,perfect,green,transparent,perfect,withlabel,withcap,
WIN_20260420_01_29_33_Pro.jpg,190,15,Sprite,perfect,green,transparent,perfect,withlabel,withcap,
WIN_20260420_01_29_43_Pro.jpg,190,15,Sprite,imperfect,green,transparent,perfect,withlabel,nocap,
WIN_20260420_01_29_48_Pro.jpg,190,15,Sprite,imperfect,green,transparent,perfect,withlabel,nocap,
WIN_20260420_01_29_53_Pro.jpg,190,15,Sprite,imperfect,green,transparent,perfect,withlabel,nocap,
WIN_20260420_01_30_06_Pro.jpg,290,17,Sting,perfect,black,transparent,perfect,withlabel,withcap,
WIN_20260420_01_30_10_Pro.jpg,290,17,Sting,perfect,black,transparent,perfect,withlabel,withcap,
WIN_20260420_01_30_16_Pro.jpg,290,17,Sting,perfect,black,transparent,perfect,withlabel,withcap,
WIN_20260420_01_30_20_Pro.jpg,290,17,Sting,perfect,black,transparent,perfect,withlabel,withcap,
WIN_20260420_01_30_30_Pro.jpg,290,17,Sting,imperfect,black,transparent,perfect,withlabel,nocap,
WIN_20260420_01_30_36_Pro.jpg,290,17,Sting,imperfect,black,transparent,perfect,withlabel,nocap,
WIN_20260420_01_30_42_Pro.jpg,290,17,Sting,imperfect,black,transparent,perfect,withlabel,nocap,
WIN_20260420_01_30_47_Pro.jpg,290,17,Sting,imperfect,black,transparent,perfect,withlabel,nocap,
WIN_20260420_01_31_13_Pro.jpg,290,17,Coca-Cola,perfect,red,transparent,perfect,withlabel,withcap,
WIN_20260420_01_31_19_Pro.jpg,290,17,Coca-Cola,perfect,red,transparent,perfect,withlabel,withcap,
WIN_20260420_01_31_25_Pro.jpg,290,17,Coca-Cola,perfect,red,transparent,perfect,withlabel,withcap,
WIN_20260420_01_31_27_Pro.jpg,290,17,Coca-Cola,perfect,red,transparent,perfect,withlabel,withcap,
WIN_20260420_01_31_53_Pro.jpg,1500,27,Coca-Cola,imperfect,red,transparent,perfect,withlabel,nocap,
WIN_20260420_01_31_57_Pro.jpg,1500,27,Coca-Cola,imperfect,red,transparent,perfect,withlabel,nocap,
WIN_20260420_01_32_01_Pro.jpg,1500,27,Coca-Cola,imperfect,red,transparent,perfect,withlabel,nocap,
WIN_20260420_01_32_07_Pro.jpg,1500,27,Coca-Cola,imperfect,red,transparent,perfect,withlabel,nocap,
WIN_20260420_01_32_11_Pro.jpg,1500,27,Coca-Cola,imperfect,red,transparent,perfect,withlabel,nocap,
WIN_20260420_01_32_22_Pro.jpg,190,15,Coca-Cola,perfect,red,transparent,perfect,withlabel,withcap,
WIN_20260420_01_32_27_Pro.jpg,190,15,Coca-Cola,perfect,red,transparent,perfect,withlabel,withcap,
WIN_20260420_01_32_34_Pro.jpg,190,15,Coca-Cola,perfect,red,transparent,perfect,withlabel,withcap,
WIN_20260420_01_32_39_Pro.jpg,190,15,Coca-Cola,perfect,red,transparent,perfect,withlabel,withcap,
WIN_20260420_01_32_56_Pro.jpg,1500,15,Sprite,imperfect,green,transparent,perfect,withlabel,nocap,
WIN_20260420_01_33_00_Pro.jpg,1500,15,Sprite,imperfect,green,transparent,perfect,withlabel,nocap,
WIN_20260420_01_33_08_Pro.jpg,1500,15,Sprite,imperfect,green,transparent,perfect,withlabel,nocap,
WIN_20260420_01_33_13_Pro.jpg,1500,15,Sprite,imperfect,green,transparent,perfect,withlabel,nocap,
WIN_20260420_01_34_23_Pro.jpg,500,20,Absolute,perfect,green,transparent,perfect,withlabel,withcap,
WIN_20260420_01_34_30_Pro.jpg,500,20,Absolute,perfect,green,transparent,perfect,withlabel,withcap,
WIN_20260420_01_34_38_Pro.jpg,500,20,Absolute,perfect,green,transparent,perfect,withlabel,withcap,
WIN_20260420_01_34_42_Pro.jpg,500,20,Absolute,perfect,green,transparent,perfect,withlabel,withcap,
WIN_20260420_01_34_45_Pro.jpg,500,20,Absolute,perfect,green,transparent,perfect,withlabel,withcap,
WIN_20260420_01_34_55_Pro.jpg,500,20,Absolute,imperfect,green,transparent,perfect,withlabel,nocap,
WIN_20260420_01_34_59_Pro.jpg,500,20,Absolute,imperfect,green,transparent,perfect,withlabel,nocap,
WIN_20260420_01_35_06_Pro.jpg,500,20,Absolute,imperfect,green,transparent,perfect,withlabel,nocap,
WIN_20260420_01_35_10_Pro.jpg,500,20,Absolute,imperfect,green,transparent,perfect,withlabel,nocap,
WIN_20260420_01_35_46_Pro.jpg,500,20,Nature Spring,perfect,white,transparent,perfect,withlabel,withcap,
WIN_20260420_01_36_01_Pro.jpg,500,20,Nature Spring,perfect,white,transparent,perfect,withlabel,withcap,
WIN_20260420_01_36_06_Pro.jpg,500,20,Nature Spring,perfect,white,transparent,perfect,withlabel,withcap,
WIN_20260420_01_36_13_Pro.jpg,500,20,Nature Spring,perfect,white,transparent,perfect,withlabel,withcap,
WIN_20260420_01_36_21_Pro.jpg,500,20,Nature Spring,perfect,white,transparent,perfect,withlabel,withcap,
WIN_20260420_01_36_51_Pro.jpg,330,18,Cobra,perfect,black,transparent,perfect,withlabel,withcap,
WIN_20260420_01_36_56_Pro.jpg,330,18,Cobra,perfect,black,transparent,perfect,withlabel,withcap,
WIN_20260420_01_37_01_Pro.jpg,330,18,Cobra,perfect,black,transparent,perfect,withlabel,withcap,
WIN_20260420_01_37_07_Pro.jpg,330,18,Cobra,perfect,black,transparent,perfect,withlabel,withcap,
WIN_20260420_01_37_13_Pro.jpg,330,18,Cobra,perfect,black,transparent,perfect,withlabel,withcap,
WIN_20260420_01_37_17_Pro.jpg,330,18,Cobra,perfect,black,transparent,perfect,withlabel,withcap,
WIN_20260420_01_37_28_Pro.jpg,330,18,Cobra,imperfect,black,transparent,perfect,withlabel,nocap,
WIN_20260420_01_37_32_Pro.jpg,330,18,Cobra,imperfect,black,transparent,perfect,withlabel,nocap,
WIN_20260420_01_37_36_Pro.jpg,330,18,Cobra,imperfect,black,transparent,perfect,withlabel,nocap,
WIN_20260420_01_37_43_Pro.jpg,330,18,Cobra,imperfect,black,transparent,perfect,withlabel,nocap,
WIN_20260420_01_37_48_Pro.jpg,330,18,Cobra,imperfect,black,transparent,perfect,withlabel,nocap,
WIN_20260420_01_37_52_Pro.jpg,330,18,Cobra,imperfect,black,transparent,perfect,withlabel,nocap,
WIN_20260420_01_38_24_Pro.jpg,290,17,Mountain Dew,imperfect,black,green,perfect,withlabel,nocap,
WIN_20260420_01_38_27_Pro.jpg,290,17,Mountain Dew,imperfect,black,green,perfect,withlabel,nocap,
WIN_20260420_01_38_32_Pro.jpg,290,17,Mountain Dew,imperfect,black,green,perfect,withlabel,nocap,
WIN_20260420_01_38_35_Pro.jpg,290,17,Mountain Dew,imperfect,black,green,perfect,withlabel,nocap,
WIN_20260420_01_38_44_Pro.jpg,1500,27,Sprite,perfect,green,transparent,perfect,nolabel,withcap,
WIN_20260420_01_38_53_Pro.jpg,1500,27,Sprite,perfect,green,transparent,perfect,nolabel,withcap,
WIN_20260420_01_38_58_Pro.jpg,1500,27,Sprite,perfect,green,transparent,perfect,nolabel,withcap,
WIN_20260420_01_39_00_Pro.jpg,1500,27,Sprite,perfect,green,transparent,perfect,nolabel,withcap,
WIN_20260420_01_39_10_Pro.jpg,1500,27,Sprite,imperfect,green,transparent,perfect,nolabel,nocap,
WIN_20260420_01_39_12_Pro.jpg,1500,27,Sprite,imperfect,green,transparent,perfect,nolabel,nocap,
WIN_20260420_01_39_18_Pro.jpg,1500,27,Sprite,imperfect,green,transparent,perfect,nolabel,nocap,
WIN_20260420_01_39_29_Pro.jpg,1750,30,Coca-Cola,perfect,yellow,transparent,perfect,withlabel,withcap,
WIN_20260420_01_39_32_Pro.jpg,1750,30,Coca-Cola,perfect,yellow,transparent,perfect,withlabel,withcap,
WIN_20260420_01_39_35_Pro.jpg,1750,30,Coca-Cola,perfect,yellow,transparent,perfect,withlabel,withcap,
WIN_20260420_01_39_40_Pro.jpg,1750,30,Coca-Cola,perfect,yellow,transparent,perfect,withlabel,withcap,
WIN_20260420_01_39_43_Pro.jpg,1750,30,Coca-Cola,perfect,yellow,transparent,perfect,withlabel,withcap,
WIN_20260420_01_50_30_Pro.jpg,1000,25,Absolute,perfect,green,transparent,perfect,withlabel,withcap,
WIN_20260420_01_50_36_Pro.jpg,1000,25,Absolute,perfect,green,transparent,perfect,withlabel,withcap,
WIN_20260420_01_50_40_Pro.jpg,1000,25,Absolute,perfect,green,transparent,perfect,withlabel,withcap,
WIN_20260420_01_50_57_Pro.jpg,1000,25,Absolute,perfect,green,transparent,perfect,withlabel,withcap,
WIN_20260420_01_51_00_Pro.jpg,1000,25,Absolute,perfect,green,transparent,perfect,withlabel,withcap,
WIN_20260420_01_51_09_Pro.jpg,1000,25,Absolute,imperfect,green,transparent,perfect,withlabel,nocap,
WIN_20260420_01_51_12_Pro.jpg,1000,25,Absolute,imperfect,green,transparent,perfect,withlabel,nocap,
WIN_20260420_01_51_15_Pro.jpg,1000,25,Absolute,imperfect,green,transparent,perfect,withlabel,nocap,
WIN_20260420_01_51_20_Pro.jpg,1000,25,Absolute,imperfect,green,transparent,perfect,withlabel,nocap,
WIN_20260420_01_51_23_Pro.jpg,1000,25,Absolute,imperfect,green,transparent,perfect,withlabel,nocap,
WIN_20260420_01_51_28_Pro.jpg,1000,25,Absolute,imperfect,green,transparent,perfect,withlabel,nocap,
